Rk,Player,Pos,Age,Tm,G,GS,MP,FG,FGA,FG%,3P,3PA,3P%,2P,2PA,2P%,eFG%,FT,FTA,FT%,ORB,DRB,TRB,AST,STL,BLK,TOV,PF,PTS
1,Steven Adams,C,26,OKC,23,23,27.3,4.8,7.9,0.604,0,0,0,4.8,7.9,0.608,0.604,1.5,3,0.515,3.3,6.3,9.6,2.7,0.4,1.3,1.5,1.9,11.1
2,Bam Adebayo,C,22,MIA,27,27,34.1,5.7,9.9,0.573,0,0.3,0.111,5.6,9.6,0.589,0.575,3.8,5.8,0.656,2.5,8.2,10.7,4.6,1.4,1.3,2.9,2.8,15.2
3,LaMarcus Aldridge,C,34,SAS,24,24,33.6,7.5,15.1,0.5,0.6,1.7,0.341,7,13.4,0.52,0.519,3.1,3.8,0.824,2,5.3,7.3,2.5,0.6,1.8,1.5,2.3,18.8
4,Nickeil Alexander-Walker,SG,21,NOP,23,0,14.1,2.3,6.7,0.342,1.2,3.6,0.337,1.1,3.1,0.347,0.432,0.5,0.7,0.688,0.2,2,2.2,1.9,0.4,0.1,1.1,1.2,6.3
5,Grayson Allen,SG,24,MEM,13,0,18.9,2.9,7.1,0.413,1.2,3.3,0.349,1.8,3.8,0.469,0.495,1.2,1.3,0.882,0.2,2.8,2.9,1.5,0.4,0.1,1.2,1.6,8.2
6,Jarrett Allen,C,21,BRK,27,24,26.6,4.9,7.3,0.665,0,0,0,4.9,7.3,0.668,0.665,2.6,4.3,0.609,3.6,6.9,10.6,1.2,0.7,1.4,1.2,2.5,12.3
7,Kadeem Allen,SG,27,NYK,1,0,16,3,6,0.5,3,4,0.75,0,2,0,0.75,0,0,,0,0,0,2,1,0,1,1,9
8,Al-Farouq Aminu,PF,29,ORL,18,2,21.1,1.4,4.8,0.291,0.5,2,0.25,0.9,2.8,0.32,0.343,1.1,1.6,0.655,1.3,3.5,4.8,1.2,1,0.4,0.9,1.5,4.3
9,Kyle Anderson,PF,26,MEM,21,1,20,2.5,5.1,0.481,0.2,0.8,0.235,2.3,4.3,0.527,0.5,0.9,1.5,0.594,1,3.4,4.5,2.4,0.8,0.6,1,1.7,6
10,Ryan Anderson,PF,31,HOU,2,0,7,1,3.5,0.286,0.5,2.5,0.2,0.5,1,0.5,0.357,0,0,,0,3.5,3.5,1,0.5,0,0.5,0.5,2.5
11,Giannis Antetokounmpo,PF,25,MIL,27,27,31.2,11.7,20.8,0.564,1.6,5.1,0.321,10.1,15.7,0.642,0.603,6.6,11,0.598,2.7,10.1,12.8,5.3,1.3,1.2,3.7,3.1,31.7
12,Kostas Antetokounmpo,PF,22,LAL,2,0,1.5,0,0,,0,0,,0,0,,,0,0,,0,0.5,0.5,0,0,0,0,0,0
13,Thanasis Antetokounmpo,SF,27,MIL,5,0,5,1.2,2,0.6,0,0,,1.2,2,0.6,0.6,0.4,0.8,0.5,0.6,0,0.6,0.8,0,0,0.4,0.6,2.8
14,Carmelo Anthony,PF,35,POR,13,13,31.8,6.2,14.8,0.422,1.8,4.2,0.426,4.5,10.6,0.42,0.482,2.5,3.2,0.805,0.9,5.2,6.1,1.3,1.3,0.6,2.1,3.1,16.8
15,OG Anunoby,SF,22,TOR,25,25,29.7,4.4,8.7,0.505,1.4,3.7,0.387,3,5,0.592,0.587,0.8,1.3,0.606,1,4.6,5.6,1.7,1.3,0.9,1.2,2.4,11
16,Ryan Arcidiacono,PG,25,CHI,29,0,15.7,1.4,3.6,0.39,0.9,2.2,0.413,0.5,1.4,0.357,0.514,0.6,0.8,0.773,0.5,1.1,1.6,1.5,0.5,0.1,0.6,1.9,4.3
17,Trevor Ariza,SF,34,SAC,20,0,22.7,1.7,4.7,0.366,1.2,3.5,0.348,0.5,1.2,0.417,0.495,0.5,0.7,0.769,0.5,3.4,3.9,1.2,1,0.3,0.9,1.7,5.1
18,D.J. Augustin,PG,32,ORL,27,6,25.6,3.3,8.2,0.398,1.1,3.4,0.319,2.2,4.8,0.454,0.464,2.3,2.6,0.9,0.4,2,2.5,4.7,0.7,0,1.4,1.2,9.9
19,Deandre Ayton,C,21,PHO,2,2,29,9,16.5,0.545,0,0,,9,16.5,0.545,0.545,0,0.5,0,5,6.5,11.5,1.5,0.5,2.5,1,2,18
20,Dwayne Bacon,SG,24,CHO,21,10,18.4,2.3,7.4,0.314,0.5,2,0.233,1.9,5.4,0.345,0.346,1,1.5,0.71,0.4,2,2.5,1.2,0.7,0.1,0.9,1.5,6.2
21,Marvin Bagley,PF,20,SAC,5,1,23.4,5.8,13,0.446,0.4,1.2,0.333,5.4,11.8,0.458,0.462,1.2,1.8,0.667,2.4,4.8,7.2,0.6,0.2,0.8,1.2,2.8,13.2
22,Lonzo Ball,PG,22,NOP,20,13,28.5,3.7,10,0.37,2,5.9,0.333,1.8,4.2,0.422,0.468,0.7,1.3,0.56,0.9,3.7,4.6,5.5,1.2,0.3,2.6,1.9,10.1
23,Mo Bamba,C,21,ORL,25,0,15.6,2.4,5.4,0.444,0.8,2,0.38,1.6,3.4,0.482,0.515,0.4,0.6,0.667,1.4,3.8,5.2,0.6,0.2,1.3,1.1,2.1,6
24,J.J. Barea,PG,35,DAL,7,0,13.9,3.6,8,0.446,1.7,3.1,0.545,1.9,4.9,0.382,0.554,0.3,0.3,1,0.3,1.4,1.7,3.1,0.3,0.1,0.7,0.7,9.1
25,Harrison Barnes,PF,27,SAC,27,27,35.5,5.5,12,0.458,1.3,3.9,0.343,4.2,8.1,0.514,0.514,3.6,4.4,0.8,1,4.2,5.2,2.3,0.8,0.2,1.5,1.2,15.9
26,RJ Barrett,SG,19,NYK,27,27,32.1,5.3,13.3,0.397,1,3.4,0.304,4.3,9.9,0.429,0.436,2.6,4.7,0.551,1.1,4.3,5.3,2.9,1.2,0.4,2.2,2.3,14.2
27,Will Barton,SF,29,DEN,23,23,32.6,5.7,12.4,0.458,1.9,4.5,0.413,3.8,7.9,0.484,0.533,1.7,2.3,0.722,1.6,5.2,6.8,3.4,1.1,0.4,1.3,2.1,15
28,Keita Bates-Diop,SF,24,MIN,13,0,18.5,2.7,5.2,0.515,1.3,2.8,0.472,1.4,2.5,0.563,0.64,0.5,0.8,0.6,0.5,2.2,2.6,0.6,0.3,0.5,0.4,1,7.2
29,Nicolas Batum,SF,31,CHO,14,0,21.9,1.1,3.3,0.348,0.6,2.4,0.273,0.5,0.9,0.538,0.446,0.4,0.4,1,1.1,3.1,4.2,3.1,0.8,0.5,1.4,1.9,3.3
30,Aron Baynes,C,33,PHO,18,12,22.4,5.1,9.3,0.542,1.7,4.3,0.385,3.4,5,0.678,0.631,1.7,2.4,0.721,1.4,3.9,5.3,2.3,0.3,0.8,1.2,4.1,13.5
31,Kent Bazemore,SF,30,POR,27,6,23.5,2.6,7.5,0.347,1.3,3.8,0.34,1.3,3.7,0.354,0.433,1.4,1.7,0.809,0.4,3.8,4.1,1.6,0.9,0.7,1.4,2.9,7.9
32,Darius Bazley,PF,19,OKC,26,1,16.5,1.3,3.6,0.366,0.6,1.8,0.326,0.7,1.8,0.404,0.446,0.5,0.8,0.65,0.3,3.2,3.5,0.5,0.3,0.4,0.9,1,3.7
33,Bradley Beal,SG,26,WAS,25,25,36.8,9.5,21.4,0.446,2.7,7.9,0.343,6.8,13.4,0.506,0.509,6,7.3,0.825,1.2,3.5,4.7,7,1,0.2,3.6,2.7,27.8
34,Malik Beasley,SG,23,DEN,18,0,15.7,2.4,6.3,0.381,1.2,3,0.407,1.2,3.3,0.356,0.478,0.3,0.4,0.857,0.3,1.2,1.4,1,0.4,0.1,0.9,1.1,6.3
35,Marco Belinelli,SG,33,SAS,24,0,15.8,1.8,5.7,0.324,0.9,2.8,0.324,0.9,2.8,0.324,0.404,0.7,1,0.739,0,1.6,1.7,1.4,0.2,0,0.4,0.8,5.3
36,Jordan Bell,C,25,MIN,15,0,10,1.3,2.4,0.556,0,0.3,0,1.3,2.1,0.645,0.556,0.9,1.5,0.609,1.1,2.3,3.4,0.7,0.1,0.5,0.9,0.7,3.6
37,DeAndre' Bembry,SG,25,ATL,27,4,23,2.7,5.6,0.483,0.3,1.4,0.237,2.4,4.2,0.566,0.513,0.7,1.4,0.486,1,3.1,4.1,2.3,1.3,0.4,1.4,2,6.4
38,Dragan Bender,SF,22,MIL,3,0,9.7,2,2.7,0.75,0.7,1.3,0.5,1.3,1.3,1,0.875,0.3,0.3,1,0,0.7,0.7,1,0,0.7,0.3,2,5
39,D?vis Bert?ns,PF,27,WAS,25,1,29.1,5.1,10.9,0.469,3.8,8.4,0.457,1.3,2.5,0.508,0.645,1.4,1.6,0.872,0.9,3.7,4.6,1.6,0.6,0.7,0.6,2.5,15.4
40,Patrick Beverley,PG,31,LAC,25,25,29.3,2.9,7.2,0.408,1.4,4.2,0.33,1.5,2.9,0.521,0.506,0.6,0.9,0.609,1.4,4.8,6.2,3.1,1.4,0.6,1.4,3.5,7.8
41,Khem Birch,C,27,ORL,16,11,23.4,1.8,3.6,0.491,0,0.1,0,1.8,3.5,0.5,0.491,0.8,1.6,0.5,2.1,3.6,5.6,1.1,0.6,0.8,0.7,2.6,4.3
42,Goga Bitadze,C,20,IND,21,2,10.9,1.3,2.8,0.466,0.2,0.7,0.286,1.1,2.1,0.523,0.5,0.7,0.9,0.737,0.8,1.8,2.6,0.7,0,1,0.5,1.7,3.4
43,Bismack Biyombo,C,27,CHO,28,13,18,3.1,5.4,0.57,0,0,,3.1,5.4,0.57,0.57,1.8,3,0.6,2.3,3.4,5.6,0.9,0.2,0.7,0.7,2.1,8
44,Nemanja Bjelica,PF,31,SAC,27,26,26.3,4.3,9.2,0.47,1.9,4.4,0.42,2.5,4.8,0.515,0.57,0.8,0.9,0.913,1.7,4.6,6.3,2.8,1,0.6,1.6,2.9,11.3
45,Eric Bledsoe,PG,30,MIL,26,26,26.7,5.7,11.8,0.477,1.2,3.6,0.344,4.4,8.3,0.535,0.529,2.5,3.1,0.813,0.8,4.1,4.9,5.7,0.8,0.5,2.3,2.3,15
46,Bogdan Bogdanovi?,SG,27,SAC,25,0,27.7,5.2,12,0.432,2.7,6.7,0.401,2.5,5.4,0.47,0.543,1.5,2.1,0.698,0.3,2.4,2.7,3.9,1.2,0.1,2,2,14.6
47,Bojan Bogdanovi?,SF,30,UTA,26,26,33.4,7,15.6,0.452,3.4,7.3,0.461,3.7,8.2,0.444,0.56,3.7,4.2,0.88,0.6,3.8,4.4,2.1,0.7,0.2,2.8,1.8,21.1
48,Jonah Bolden,PF,24,PHI,2,0,2.5,0.5,0.5,1,0,0,,0.5,0.5,1,1,0,1,0,0,0,0,0,0.5,0,0.5,0,1
49,Jordan Bone,PG,22,DET,3,0,2,0.7,1.7,0.4,0,0.3,0,0.7,1.3,0.5,0.4,0,0,,0,0,0,0,0,0,0.7,0.7,1.3
50,Isaac Bonga,SF,20,WAS,20,14,16.2,1.4,3,0.467,0.3,0.9,0.294,1.2,2.2,0.535,0.508,0.7,0.9,0.824,0.8,1.9,2.7,1.3,0.7,0.3,0.6,2.1,3.8
51,Devin Booker,SG,23,PHO,24,24,35.9,8.9,17.5,0.507,2.3,5.5,0.406,6.6,12,0.554,0.571,5,5.6,0.903,0.6,3.3,3.9,6.4,0.6,0.3,3.8,3,25
52,Chris Boucher,PF,27,TOR,23,0,11.7,1.9,4.1,0.453,0.5,1.6,0.333,1.3,2.6,0.525,0.516,1,1.3,0.71,1.9,2.2,4,0.5,0.3,0.7,0.3,1.4,5.2
53,Brian Bowen,SG,21,IND,3,0,3.3,0.3,1.3,0.25,0,0.3,0,0.3,1,0.333,0.25,0,0,,0,0.3,0.3,0,0,0.3,0,0,0.7
54,Ky Bowman,PG,22,GSW,26,6,22.9,3.4,7.5,0.454,1,2.5,0.415,2.3,5,0.473,0.523,0.8,0.8,0.909,0.5,2.2,2.7,2.7,0.9,0.1,1.2,2.1,8.6
55,Avery Bradley,SG,29,LAL,14,10,25.5,3.9,8.4,0.462,0.6,2.7,0.237,3.2,5.6,0.57,0.5,0.5,0.7,0.7,0.6,2.2,2.9,1.5,1,0.1,1.1,2.5,8.9
56,Tony Bradley,C,22,UTA,18,2,9.1,1.8,3,0.611,0,0,,1.8,3,0.611,0.611,0.6,0.9,0.688,1.4,2.1,3.5,0.3,0.1,0.4,0.4,1.6,4.3
57,Jarrell Brantley,PF,23,UTA,2,0,4.5,0,0,,0,0,,0,0,,,0,0,,0,2,2,0.5,0,1,0.5,0.5,0
58,Ignas Brazdeikis,SF,21,NYK,7,0,6.7,0.7,2.9,0.25,0.1,1.1,0.125,0.6,1.7,0.333,0.275,0.4,0.6,0.75,0.3,0.4,0.7,0.3,0,0.1,0.3,0.4,2
59,Mikal Bridges,SF,23,PHO,27,3,22,2.4,5.1,0.482,0.5,1.7,0.283,2,3.4,0.582,0.529,1.6,2,0.796,0.9,3.1,4.1,1.3,1.4,0.4,0.9,1.9,7
60,Miles Bridges,SF,21,CHO,30,30,31,4.8,11,0.436,1.6,4.4,0.368,3.2,6.6,0.482,0.511,1.3,1.7,0.765,1.2,3.9,5.1,1.7,0.5,0.8,1.7,2.1,12.5
61,Oshae Brissett,SF,21,TOR,5,0,3.6,0.2,0.6,0.333,0.2,0.2,1,0,0.4,0,0.5,0,0,,0,0.2,0.2,0.2,0.2,0,0.4,0.2,0.6
62,Ryan Broekhoff,SG,29,DAL,5,0,5.4,0.8,1.6,0.5,0.8,1,0.8,0,0.6,0,0.75,0,0,,0,1.2,1.2,0.6,0.2,0,0.4,0.2,2.4
63,Malcolm Brogdon,PG,27,IND,24,24,31.5,6.8,14.5,0.467,1.5,4.3,0.353,5.3,10.2,0.514,0.519,3.9,4.2,0.931,0.7,3.8,4.5,7.6,0.9,0.2,2.7,2,18.9
64,Dillon Brooks,SG,24,MEM,27,27,27.5,5.2,12.7,0.409,1.7,4.9,0.359,3.4,7.8,0.441,0.478,2.2,2.7,0.822,1,2.3,3.3,2,1.1,0.4,1.4,3.8,14.3
65,Bruce Brown,SG,23,DET,27,23,26.4,3.1,7.1,0.438,0.6,1.7,0.333,2.6,5.4,0.469,0.477,1.4,2.1,0.649,0.9,3.6,4.5,3.7,1.1,0.6,1.7,2.7,8.1
66,Charlie Brown,SG,22,ATL,4,0,4,0.3,0.8,0.333,0.3,0.3,1,0,0.5,0,0.5,1,1,1,0.5,0.3,0.8,0,0,0.3,0,0,1.8
67,Jaylen Brown,SF,23,BOS,21,21,33.8,7.3,14.7,0.5,1.9,5.1,0.374,5.4,9.6,0.567,0.565,2.8,3.8,0.734,1,5.9,6.9,2.2,1.1,0.3,1.8,3.4,19.3
68,Moses Brown,C,20,POR,4,0,3.8,0.8,1.8,0.429,0,0,,0.8,1.8,0.429,0.429,0.5,1,0.5,0.5,1.8,2.3,0,0.3,0,0.3,1,2
69,Sterling Brown,SF,24,MIL,20,0,17.2,2,5.1,0.396,1,2.6,0.385,1,2.5,0.408,0.495,0.7,1,0.684,0.7,3.8,4.5,1.4,0.7,0.1,0.9,1.2,5.7
70,Troy Brown,SG,20,WAS,22,11,22.8,3.1,6.8,0.46,0.5,1.8,0.275,2.6,5,0.527,0.497,1.1,1.5,0.781,1.4,3.7,5.1,2.3,1.4,0.1,1,1.5,7.9
71,Jalen Brunson,PG,23,DAL,26,4,17,3.2,6.5,0.488,0.7,2.1,0.352,2.4,4.4,0.553,0.545,1,1.4,0.73,0.5,2,2.5,3.2,0.5,0,1,1.3,8.1
72,Thomas Bryant,C,22,WAS,18,18,28.4,5.6,10.2,0.549,0.6,1.9,0.286,5.1,8.3,0.611,0.576,2.2,2.9,0.736,2.3,6.2,8.5,2.7,0.4,1,1.3,2.4,13.9
73,Trey Burke,PG,27,PHI,10,0,15.8,2.7,6.3,0.429,0.7,1.8,0.389,2,4.5,0.444,0.484,0.8,1.1,0.727,0.6,0.9,1.5,3.1,0.7,0.1,0.5,0.7,6.9
74,Alec Burks,SG,28,GSW,25,11,29.1,5.2,12,0.43,1.4,4,0.356,3.7,8,0.467,0.49,3.6,4.1,0.883,0.8,3.6,4.4,2.9,1.1,0.2,1.6,2.2,15.4
75,Deonte Burton,SG,26,OKC,12,0,8.4,1.1,2.8,0.394,0.4,1.4,0.294,0.7,1.3,0.5,0.47,0.3,0.3,0.75,0.3,1.5,1.8,0.3,0.1,0.1,0.3,0.9,2.8
76,Jimmy Butler,SF,30,MIA,23,23,35.7,6.2,14.3,0.432,1,3.6,0.28,5.2,10.7,0.482,0.467,7.8,9.4,0.829,2,4.5,6.4,6.8,2.1,0.7,2.6,1.3,21.2
77,Bruno Caboclo,SF,24,MEM,17,0,10.5,1.6,3.8,0.431,0.2,1.4,0.174,1.4,2.5,0.571,0.462,0.1,0.2,0.667,0.9,1.4,2.4,0.5,0.5,0.7,0.4,1.2,3.6
78,Kentavious Caldwell-Pope,SG,26,LAL,28,18,24.8,3.3,7.1,0.455,1.2,3.1,0.384,2.1,4.1,0.509,0.538,1,1.3,0.771,0.6,1.5,2.2,1.8,0.8,0.1,0.9,1.7,8.6
79,Vlatko ?an?ar,SF,22,DEN,1,0,2,0,0,,0,0,,0,0,,,0,0,,0,0,0,0,0,0,0,0,0
80,Clint Capela,C,25,HOU,23,23,33.2,6.3,9.8,0.642,0,0,,6.3,9.8,0.642,0.642,1.3,2.8,0.446,4.2,10.5,14.7,1.1,0.8,2,1.7,2.7,13.9
81,DeMarre Carroll,SF,33,SAS,11,0,10.9,0.6,2.3,0.28,0.3,1.1,0.25,0.4,1.2,0.308,0.34,0.9,1.3,0.714,0.6,2,2.6,0.9,0.2,0.2,0.8,1.5,2.5
82,Jevon Carter,PG,24,PHO,18,2,14.7,1.5,3.9,0.386,0.8,2.3,0.366,0.7,1.6,0.414,0.493,0.2,0.2,1,0.4,1.5,1.9,1.7,0.8,0.3,0.8,1.6,4.1
83,Vince Carter,SF,43,ATL,23,0,16.1,2.2,6,0.37,1.2,4,0.308,1,2,0.489,0.471,0.3,0.6,0.615,0.2,1.7,1.8,1,0.3,0.3,0.6,1.7,6
84,Wendell Carter,C,20,CHI,29,29,30,4.7,8.3,0.563,0.1,0.6,0.118,4.6,7.7,0.596,0.567,2.6,3.7,0.71,3.4,6.3,9.8,1,0.8,0.9,1.5,4,12
85,Michael Carter-Williams,SG,28,ORL,17,0,16.4,1.9,5.1,0.368,0.4,1.8,0.233,1.5,3.4,0.439,0.408,1.3,1.8,0.71,1,2.2,3.2,2.1,0.9,0.5,0.9,1.4,5.5
86,Alex Caruso,PG,25,LAL,26,0,20.5,2.1,4.7,0.447,0.8,2.2,0.357,1.3,2.6,0.522,0.528,0.7,1,0.68,0.2,2,2.2,1.8,1.1,0.3,1,1.6,5.7
87,Willie Cauley-Stein,C,26,GSW,25,24,22.7,3.5,6.4,0.55,0,0,,3.5,6.4,0.55,0.55,0.9,1.4,0.647,1.5,4.9,6.4,1.5,1.2,1.3,1,2.9,7.9
88,Tyson Chandler,C,37,HOU,18,4,9.1,0.7,0.9,0.765,0,0,,0.7,0.9,0.765,0.765,0.3,0.5,0.556,1.1,1.7,2.7,0.3,0.3,0.4,0.3,1.3,1.7
89,Wilson Chandler,SF,32,BRK,2,0,18.5,2,3.5,0.571,0.5,1.5,0.333,1.5,2,0.75,0.643,0,0,,0.5,6,6.5,2,0.5,0.5,1,3,4.5
90,Zylan Cheatham,SF,24,NOP,2,0,10,0.5,2,0.25,0,0.5,0,0.5,1.5,0.333,0.25,0,0,,0,1.5,1.5,0.5,0,0,0.5,1.5,1
91,Chris Chiozza,PG,24,WAS,10,0,12.3,1,3.4,0.294,0.7,1.6,0.438,0.3,1.8,0.167,0.397,0,0,,0,1.5,1.5,2.8,1,0.2,0.9,1.2,2.7
92,Marquese Chriss,PF,22,GSW,27,1,17.9,2.6,5.4,0.476,0.1,0.7,0.2,2.4,4.7,0.52,0.49,1.9,2.3,0.81,1.6,3.6,5.2,2,0.7,1,1.4,2,7.2
93,Gary Clark,PF,25,HOU,12,0,11.9,1.3,3.5,0.357,0.9,3,0.306,0.3,0.5,0.667,0.488,0.5,0.6,0.857,0.7,1.8,2.4,0.7,0.1,0.5,0.1,1.2,3.9
94,Brandon Clarke,PF,23,MEM,21,2,21.6,5.4,8.3,0.646,0.6,1.2,0.5,4.8,7.1,0.671,0.683,1.3,1.7,0.8,1.3,4.7,6,1.1,0.4,1,1,1.9,12.7
95,Jordan Clarkson,SG,27,CLE,27,0,22.6,4.7,11.1,0.427,2,5.5,0.356,2.8,5.6,0.497,0.515,2.6,2.9,0.899,0.7,1.6,2.2,2.4,0.6,0.3,1.4,1.1,14.1
96,Nicolas Claxton,PF,20,BRK,9,0,13.2,1.2,2.3,0.524,0,0.6,0,1.2,1.8,0.688,0.524,0.6,1.3,0.417,0.9,1.6,2.4,1.2,0.1,0.6,0.7,1.1,3
97,Chris Clemons,SG,22,HOU,19,0,8.5,1.7,4.1,0.429,1.3,3.3,0.387,0.5,0.8,0.6,0.584,0.2,0.2,0.75,0.1,0.6,0.7,0.3,0.3,0.2,0.4,0.8,4.9
98,John Collins,PF,22,ATL,5,5,32.2,6.4,12.2,0.525,1.8,3.8,0.474,4.6,8.4,0.548,0.598,2.4,3.4,0.706,2,6.8,8.8,1.6,1,2,1.4,3.4,17
99,Zach Collins,PF,22,POR,3,3,28.7,3,6.3,0.474,1,2.3,0.429,2,4,0.5,0.553,2,2,1,1.3,2.7,4,2,0,0.7,2,3.7,9
100,Mike Conley,PG,32,UTA,22,22,29.4,4.5,12.3,0.365,1.8,5,0.36,2.7,7.3,0.369,0.439,2.8,3.5,0.803,0.7,2.6,3.3,4.6,0.7,0.2,2,2.2,13.6
101,Pat Connaughton,SG,27,MIL,26,0,17.2,2,4,0.486,0.7,2.2,0.328,1.2,1.8,0.681,0.576,0.5,0.7,0.765,0.5,3.3,3.8,1.8,0.3,0.5,0.6,1,5.2
102,Quinn Cook,PG,26,LAL,20,0,13.4,2.1,4.9,0.429,0.6,1.8,0.343,1.5,3.2,0.476,0.49,0.2,0.3,0.8,0.2,1,1.2,1.5,0.3,0.1,0.8,0.6,5
103,Tyler Cook,PF,22,CLE,6,0,2.8,0.8,1,0.833,0,0,,0.8,1,0.833,0.833,0.3,0.3,1,0.5,0.3,0.8,0,0.2,0,0.2,0.2,2
104,Robert Covington,PF,29,MIN,24,24,28.1,4.2,9.4,0.447,2.1,5.8,0.357,2.1,3.6,0.593,0.558,2,2.2,0.887,0.7,4.6,5.3,1.1,1.4,0.8,1.6,3.1,12.5
105,Allen Crabbe,SG,27,ATL,16,1,19.4,2,5.4,0.372,1,3.5,0.286,1,1.9,0.533,0.465,0.4,0.6,0.778,0.4,1.9,2.4,0.9,0.6,0.2,0.4,1.1,5.4
106,Torrey Craig,SF,29,DEN,18,2,13.8,1.3,3.2,0.397,0.4,1.5,0.259,0.9,1.7,0.516,0.457,0.3,0.6,0.545,0.7,1.7,2.3,0.8,0.3,0.7,0.3,1.8,3.3
107,Jae Crowder,SF,29,MEM,26,26,31.2,3.5,9.3,0.376,2.1,6.6,0.314,1.4,2.7,0.529,0.488,1.7,2.3,0.746,0.8,5.4,6.2,2.8,1,0.4,1.5,2.1,10.8
108,Jarrett Culver,SG,20,MIN,25,15,23.3,3.4,9.2,0.371,0.9,3.7,0.25,2.5,5.5,0.453,0.421,0.9,2.1,0.434,1.1,2.2,3.3,2.2,0.8,0.5,1.2,2,8.6
109,Seth Curry,SG,29,DAL,24,9,21.8,3.3,7,0.47,1.7,4.2,0.41,1.6,2.8,0.559,0.592,1.5,1.6,0.921,0.5,1.8,2.2,1.8,0.6,0.2,1,1.8,9.8
110,Stephen Curry,PG,31,GSW,4,4,28,6.8,16.5,0.409,2.3,9.3,0.243,4.5,7.3,0.621,0.477,4.5,4.5,1,1,4,5,6.5,1.3,0.5,3.8,2.5,20.3
111,Troy Daniels,SG,28,LAL,21,0,13.8,1.7,4.5,0.368,1.1,3.3,0.343,0.5,1.2,0.44,0.495,0.2,0.3,0.571,0.2,1.1,1.3,0.4,0.3,0,0.3,0.7,4.7
112,Anthony Davis,PF,26,LAL,26,26,34.7,9.6,19.3,0.499,1.2,3.6,0.319,8.5,15.7,0.541,0.529,7,8.2,0.858,2.4,6.9,9.3,3.3,1.5,2.6,2.3,2.4,27.4
113,Ed Davis,C,30,UTA,15,0,12.1,0.7,1.7,0.44,0,0,,0.7,1.7,0.44,0.44,0.3,0.6,0.444,1.1,3.5,4.5,0.5,0.4,0.5,0.7,2.4,1.7
114,Terence Davis,SG,22,TOR,26,0,15.7,2.3,5,0.458,1.1,2.7,0.4,1.2,2.3,0.525,0.565,0.7,0.7,0.947,0.6,2.2,2.8,1.8,0.5,0.2,0.8,1.7,6.4
115,Dewayne Dedmon,C,30,SAC,21,4,14.5,2,4.9,0.408,0.5,2.3,0.229,1.5,2.6,0.564,0.461,0.5,0.6,0.846,1.2,2.8,4,0.4,0.4,0.5,1.5,2.6,5
116,Matthew Dellavedova,PG,29,CLE,25,0,12.9,0.9,3,0.297,0.2,1.7,0.119,0.7,1.3,0.531,0.331,0.6,0.6,0.938,0.3,1,1.3,2.3,0.4,0,0.7,1.5,2.6
117,DeMar DeRozan,SF,30,SAS,26,26,34.3,8,16,0.501,0.2,0.6,0.313,7.8,15.4,0.509,0.507,4.6,5.8,0.795,0.6,5,5.6,4.7,0.9,0.5,2.6,2.9,20.9
118,Cheick Diallo,C,23,PHO,18,0,10,2.3,3.3,0.7,0.1,0.1,1,2.3,3.3,0.695,0.708,0.8,0.9,0.882,0.8,2.2,2.9,0.5,0.1,0.2,0.5,1.1,5.6
119,Hamidou Diallo,SF,21,OKC,12,1,21.3,3.8,7.7,0.5,0.2,1.1,0.154,3.7,6.6,0.557,0.511,0.9,1.5,0.611,1.2,2.7,3.8,0.8,1.5,0.3,1.2,2.4,8.8
120,Gorgui Dieng,C,30,MIN,21,2,12.4,1.7,4.1,0.419,0.4,1.4,0.3,1.3,2.7,0.482,0.471,0.6,0.8,0.75,0.8,3.1,4,1,0.7,1,0.7,1.5,4.4
121,Spencer Dinwiddie,SG,26,BRK,27,16,30.3,7.1,16.6,0.43,1.9,6.1,0.303,5.3,10.4,0.504,0.485,5.3,6.4,0.827,0.2,2.6,2.8,6.3,0.9,0.4,2.6,3.4,21.4
122,Donte DiVincenzo,SG,23,MIL,25,12,21.5,3.2,7.4,0.435,1.2,3.5,0.341,2,3.8,0.521,0.516,1,1.3,0.781,0.8,3.5,4.3,2,1.6,0.2,1.2,1.8,8.6
123,Luka Don?i?,PG,20,DAL,25,25,32.2,9.4,19.6,0.481,3,9.3,0.326,6.4,10.3,0.62,0.558,7.4,9.2,0.803,1.3,8.3,9.6,8.9,1.2,0.1,4.4,2.3,29.3
124,Luguentz Dort,SG,20,OKC,5,0,16.2,1,3.2,0.313,0,1.8,0,1,1.4,0.714,0.313,0.6,1,0.6,0,1.4,1.4,0.4,0.4,0,0.4,2.4,2.6
125,Damyean Dotson,SG,25,NYK,24,0,16,2.3,5.5,0.412,1,3.3,0.316,1.2,2.2,0.558,0.508,0.5,0.7,0.75,0.2,1.5,1.7,1.1,0.4,0.2,0.5,0.8,6
126,Sekou Doumbouya,SF,19,DET,4,0,2.8,0.8,1.5,0.5,0,0.3,0,0.8,1.3,0.6,0.5,0,0.3,0,0,0.5,0.5,0,0,0,0,0.8,1.5
127,Goran Dragi?,PG,33,MIA,18,1,28.7,5.4,11.6,0.466,2.2,5.3,0.406,3.2,6.2,0.518,0.56,3,4.2,0.711,0.3,2.9,3.2,5,0.7,0.2,2.6,1.8,15.9
128,Andre Drummond,C,26,DET,25,25,33.8,7.4,13.6,0.546,0,0.5,0,7.4,13,0.567,0.546,2.9,4.6,0.632,4.6,12,16.6,2.9,1.7,1.8,3.6,3.8,17.7
129,Jared Dudley,SF,34,LAL,19,1,8.9,0.5,1.4,0.385,0.5,1,0.526,0,0.4,0,0.577,0.1,0.1,1,0.1,0.8,0.9,0.7,0.4,0.1,0.1,0.9,1.7
130,Kris Dunn,PG,25,CHI,29,10,22.3,2.9,6.8,0.423,0.4,2.1,0.21,2.4,4.6,0.522,0.457,0.5,0.7,0.714,0.6,2.8,3.4,3,2,0.4,1,3.6,6.7
131,Carsen Edwards,SG,21,BOS,21,0,11.2,1.3,4,0.321,0.8,2.4,0.333,0.5,1.6,0.303,0.423,0.5,0.6,0.846,0.2,1.5,1.7,0.8,0.3,0.1,0.6,1,3.9
132,Henry Ellenson,PF,23,BRK,3,0,3.3,0.3,1.7,0.2,0,0.7,0,0.3,1,0.333,0.2,0,0,,0.7,0.7,1.3,0,0,0,0,0.3,0.7
133,Wayne Ellington,SG,32,NYK,18,1,14.3,1.4,4.5,0.321,1.2,3.8,0.304,0.3,0.7,0.417,0.451,0.2,0.3,0.667,0.1,1.6,1.6,0.9,0.3,0.1,0.7,1.1,4.3
134,Joel Embiid,C,25,PHI,22,22,30.7,7.2,15.7,0.461,1.1,3.5,0.316,6.1,12.2,0.502,0.496,7.2,8.9,0.811,2.4,9.9,12.3,3.3,0.9,1.3,3.3,3.5,22.8
135,James Ennis,SF,29,PHI,28,0,17.5,2.5,5,0.493,0.9,2.3,0.413,1.5,2.8,0.558,0.586,1.3,1.7,0.766,1.1,2.2,3.3,1,0.5,0.3,0.6,2,7.1
136,Drew Eubanks,PF,22,SAS,4,0,7.8,1.3,2.5,0.5,0,0,,1.3,2.5,0.5,0.5,0.3,0.3,1,1.3,2,3.3,0.5,0,0.3,1,1,2.8
137,Jacob Evans,SG,22,GSW,7,0,15.3,1.7,5,0.343,0.9,1.4,0.6,0.9,3.6,0.24,0.429,1.4,1.4,1,0.1,1,1.1,0.9,0.1,0.4,0.6,1.7,5.7
138,Dante Exum,SG,24,UTA,11,0,7.5,0.9,2.1,0.435,0.2,0.5,0.333,0.7,1.5,0.471,0.478,0.2,0.2,1,0.3,0.8,1.1,0.6,0.1,0.2,0.9,0.7,2.2
139,Tacko Fall,C,24,BOS,1,0,4,2,4,0.5,0,0,,2,4,0.5,0.5,0,0,,0,3,3,0,0,0,1,2,4
140,Derrick Favors,C,28,NOP,12,10,20.3,3.7,6.5,0.564,0.1,0.2,0.5,3.6,6.3,0.566,0.571,0.3,0.8,0.333,3.4,5.1,8.5,2.1,0.5,0.7,1.5,2.2,7.7
141,Terrance Ferguson,SF,21,OKC,20,20,26.3,2.2,5,0.434,1.4,3.6,0.375,0.8,1.4,0.593,0.571,0.4,0.5,0.778,0.6,1.3,1.9,1,0.5,0.3,0.8,3.2,6
142,Bruno Fernando,C,21,ATL,27,0,11.4,1.5,2.9,0.532,0.1,0.6,0.25,1.4,2.3,0.607,0.558,0.7,1,0.667,1,1.9,2.9,1,0.2,0.3,0.9,1.5,3.9
143,Yogi Ferrell,PG,26,SAC,22,0,13.7,2,4.4,0.443,0.4,1.5,0.265,1.5,2.9,0.54,0.49,1.3,1.5,0.875,0.2,1.2,1.4,1.7,0.5,0,0.7,0.8,5.6
144,Dorian Finney-Smith,PF,26,DAL,26,23,27.7,3.2,6.7,0.471,1.3,3.7,0.347,1.9,3,0.62,0.566,1,1.4,0.676,1.9,3.3,5.2,1.2,0.6,0.4,0.9,2.1,8.5
145,Bryn Forbes,SG,26,SAS,26,26,26.2,4.3,10.7,0.404,2.3,6.5,0.361,2,4.2,0.472,0.514,1.2,1.4,0.838,0.3,2.2,2.5,1.9,0.5,0,0.8,2,12.2
146,Evan Fournier,SG,27,ORL,27,27,30.6,7,14.6,0.481,2.8,6.6,0.427,4.2,8,0.525,0.577,3.1,3.8,0.824,0.1,2.6,2.7,3.3,0.9,0.1,1.9,2.3,20
147,De'Aaron Fox,PG,22,SAC,10,9,31.8,6.1,14.1,0.433,1.2,3.6,0.333,4.9,10.5,0.467,0.475,4.9,6.8,0.721,0.6,3.2,3.8,7.1,0.9,0.5,4,3.2,18.3
148,Melvin Frazier,SG,23,ORL,5,0,3,0.4,1.8,0.222,0.2,0.6,0.333,0.2,1.2,0.167,0.278,0,0,,0.2,0,0.2,0.2,0,0,0,0.6,1
149,Tim Frazier,PG,29,DET,14,4,10,0.6,3.1,0.209,0.2,1,0.214,0.4,2.1,0.207,0.244,0.9,1.1,0.813,0.3,0.6,0.9,2.9,0.6,0.1,0.9,1.3,2.4
150,Markelle Fultz,PG,21,ORL,26,21,25.8,4.8,10.1,0.475,0.4,1.7,0.233,4.4,8.5,0.523,0.494,1.7,2.3,0.763,0.5,2.3,2.8,4.2,1.2,0.2,1.7,2,11.7
151,Wenyen Gabriel,PF,22,SAC,7,0,6.7,0.7,2.3,0.313,0.1,1.1,0.125,0.6,1.1,0.5,0.344,0.7,1.3,0.556,0.6,0.6,1.1,0.4,0.3,0.3,0.4,0.9,2.3
152,Daniel Gafford,C,21,CHI,19,0,10.6,1.9,2.6,0.735,0,0,,1.9,2.6,0.735,0.735,0.5,1.1,0.476,0.7,0.9,1.6,0.2,0.1,1.1,0.2,1.6,4.3
153,Danilo Gallinari,PF,31,OKC,25,25,30.5,5.4,12.7,0.425,2.7,7,0.389,2.7,5.7,0.469,0.531,4.3,4.7,0.915,0.6,5.2,5.8,2.2,0.8,0.1,1.5,1.5,17.8
154,Langston Galloway,SG,28,DET,27,6,27.1,3.8,8.6,0.442,2.4,5.7,0.422,1.4,2.9,0.481,0.582,1.7,1.9,0.904,0.4,1.7,2.1,1.5,0.6,0.3,0.7,1.2,11.8
155,Darius Garland,PG,20,CLE,27,27,28.3,4.2,10.9,0.384,1.8,4.7,0.375,2.4,6.1,0.392,0.466,0.9,1.1,0.862,0.4,1.5,1.9,3,0.7,0,2.5,1.3,11.1
156,Marc Gasol,C,35,TOR,26,26,29,2.4,6.6,0.366,1.2,3.3,0.356,1.2,3.3,0.376,0.456,0.8,1.1,0.75,0.9,6,6.8,3.5,0.8,1.2,1.3,3.3,6.8
157,Rudy Gay,PF,33,SAS,26,5,23.3,4.1,9.1,0.447,0.9,3.2,0.274,3.2,5.9,0.542,0.496,2.2,2.4,0.889,1.3,4.8,6.1,2,0.5,0.7,1.7,1.5,11.2
158,Paul George,SF,29,LAC,18,18,30.2,8.1,18,0.448,3.9,9.8,0.403,4.1,8.2,0.5,0.557,4.7,5.1,0.913,0.4,5.4,5.9,3.7,1.6,0.4,3.6,2.6,24.7
159,Taj Gibson,C,34,NYK,26,20,16.6,2.2,4.3,0.5,0.1,0.4,0.2,2.1,3.9,0.529,0.509,0.3,0.6,0.6,1.8,2.6,4.4,1.3,0.7,0.4,0.7,2.3,4.7
160,Harry Giles,PF,21,SAC,7,0,7.4,1.6,3.6,0.44,0,0,,1.6,3.6,0.44,0.44,0.3,0.3,1,0.4,0.6,1,0.7,0.3,0.4,0.7,1.9,3.4
161,Shai Gilgeous-Alexander,SG,21,OKC,26,26,35,6.5,14.9,0.433,1.3,3.8,0.347,5.2,11.2,0.462,0.477,3.8,4.8,0.786,0.6,4.4,5,3,1,0.4,2.3,1.9,18
162,Rudy Gobert,C,27,UTA,25,25,34.2,5.6,8.3,0.678,0,0,,5.6,8.3,0.678,0.678,3.3,5.3,0.617,3.5,10.4,13.9,1.6,0.8,1.7,2.2,3.1,14.6
163,Brandon Goodwin,PG,24,ATL,2,0,2.5,0,0.5,0,0,0.5,0,0,0,,0,0,0,,0,0,0,0,0,0,1,0.5,0
164,Aaron Gordon,PF,24,ORL,24,24,31.4,5,11.8,0.423,1.2,4,0.305,3.8,7.9,0.481,0.474,2.3,3.2,0.711,1.7,5.2,6.9,2.9,0.7,0.5,1.5,2.1,13.5
165,Eric Gordon,SG,31,HOU,9,2,29.4,3.8,12.2,0.309,2.3,8.2,0.284,1.4,4,0.361,0.405,1,1.6,0.643,0.3,1.6,1.9,0.8,0.6,0.2,1.3,2.3,10.9
166,Devonte' Graham,PG,24,CHO,30,20,34.2,6.2,15.5,0.397,3.7,9.1,0.409,2.4,6.4,0.38,0.517,3.4,4.2,0.802,1,2.8,3.8,7.4,0.8,0.3,3.1,1.8,19.4
167,Treveon Graham,SG,26,MIN,24,17,20.7,2,5.8,0.338,0.5,2.7,0.203,1.4,3.1,0.453,0.385,0.8,1,0.792,1,2.3,3.2,1,0.6,0.1,0.6,2.1,5.3
168,Jerami Grant,PF,25,DEN,25,2,22.9,3.6,7.8,0.462,1.3,3.4,0.384,2.3,4.4,0.523,0.546,1.3,2.2,0.611,0.5,2.9,3.4,1,0.5,0.6,0.8,1.9,9.8
169,Josh Gray,PG,26,NOP,2,0,11.5,0.5,1,0.5,0,0,,0.5,1,0.5,0.5,0,0,,0.5,0.5,1,1,0,0,2.5,0.5,1
170,Danny Green,SG,32,LAL,28,28,25.5,2.9,6.9,0.418,1.8,5,0.367,1.1,2,0.545,0.549,0.6,0.7,0.85,0.7,3.1,3.8,1.3,1.2,0.5,1,2.3,8.2
171,Draymond Green,PF,29,GSW,18,18,28.7,3.3,8,0.41,0.7,2.7,0.265,2.6,5.3,0.484,0.455,1.7,2.4,0.721,0.4,5.6,5.9,5.8,1.7,0.6,2.3,2.6,9
172,JaMychal Green,PF,29,LAC,22,0,21.3,2.5,6,0.414,1.5,4.1,0.378,1,2,0.488,0.541,0.8,1,0.857,1.3,5.3,6.6,0.5,0.6,0.3,0.9,2.5,7.4
173,Javonte Green,SF,26,BOS,18,0,6.7,1.2,1.9,0.6,0.2,0.6,0.3,1,1.4,0.72,0.643,0.1,0.3,0.4,0.2,0.8,0.9,0.2,0.2,0.2,0.2,0.7,2.6
174,Jeff Green,PF,33,UTA,27,2,18.7,2.5,6.5,0.381,1.2,3.7,0.333,1.3,2.9,0.442,0.474,1.7,2.2,0.783,0.4,2.3,2.7,0.6,0.4,0.4,1,1.7,7.9
175,Blake Griffin,PF,30,DET,14,14,28.4,5.1,14,0.367,1.6,6,0.274,3.5,8,0.438,0.426,4.5,5.8,0.778,0.9,3.6,4.6,3.3,0.4,0.3,2.4,1.4,16.4
176,Marko Guduric,SG,24,MEM,26,0,14.7,1.8,4.8,0.373,0.7,2.5,0.281,1.1,2.4,0.468,0.444,0.6,0.7,0.882,0.5,1.6,2,1.4,0.3,0.2,1.1,1,4.9
177,Rui Hachimura,PF,21,WAS,25,25,29.2,5.8,12.1,0.482,0.4,1.9,0.208,5.4,10.2,0.533,0.498,1.8,2.2,0.852,1.6,4.2,5.8,1.6,0.7,0.1,0.8,2.3,13.9
178,Devon Hall,SG,24,OKC,5,0,4,0.2,1,0.2,0,0.4,0,0.2,0.6,0.333,0.2,0.6,0.8,0.75,0,0.2,0.2,0.6,0,0,0.2,0.2,1
179,Tim Hardaway,SG,27,DAL,26,13,25.5,4.5,10.6,0.42,2.4,6.6,0.363,2.1,4,0.514,0.533,1.7,2.2,0.804,0.3,2.2,2.4,1.7,0.5,0.1,0.8,1.8,13
180,James Harden,SG,30,HOU,27,27,37.8,11.1,25.1,0.443,5,13.9,0.359,6.1,11.2,0.548,0.543,11.6,13.1,0.884,1.1,4.9,6,7.4,1.9,0.7,4.9,3.3,38.9
181,Maurice Harkless,SF,26,LAC,29,19,23.7,2.2,4.7,0.474,0.6,1.7,0.333,1.7,3.1,0.551,0.533,0.6,1.1,0.563,1,2.8,3.8,1.1,1.2,0.7,1,2.8,5.7
182,Jared Harper,PG,22,PHO,1,0,2,0,1,0,0,1,0,0,0,,0,0,0,,0,0,0,0,0,0,0,0,0
183,Montrezl Harrell,C,26,LAC,29,2,29.3,7.7,13.4,0.574,0,0.4,0,7.7,13.1,0.591,0.574,3.5,5.4,0.654,2.9,4.7,7.5,2,0.8,1.2,1.8,2.4,19
184,Gary Harris,SG,25,DEN,25,25,32.5,4.2,10,0.418,1.6,4.3,0.361,2.6,5.6,0.461,0.496,1.2,1.5,0.789,0.6,2.4,2.9,2.2,1.1,0.3,1,2.2,11.1
185,Joe Harris,SF,28,BRK,27,27,31.5,5.6,11.6,0.484,2.8,6.4,0.436,2.8,5.2,0.543,0.604,0.9,1.1,0.806,0.9,3,3.9,2.1,0.6,0.3,1.4,2.5,14.9
186,Tobias Harris,PF,27,PHI,28,28,34.3,7.8,16,0.49,1.4,4.3,0.317,6.5,11.7,0.554,0.532,2.7,3.4,0.8,0.7,6.2,6.9,3.3,0.9,0.9,2,2.5,19.7
187,Shaquille Harrison,SF,26,CHI,17,4,8.3,1.2,2.9,0.408,0.2,0.6,0.3,1,2.3,0.436,0.439,0.6,1.1,0.611,0.4,1.4,1.8,1.3,0.5,0.2,0.4,0.9,3.2
188,Josh Hart,SF,24,NOP,21,4,28.1,3.9,9.3,0.418,2.4,6.5,0.368,1.5,2.9,0.533,0.546,1.4,1.8,0.789,1,5.1,6,1.4,1.1,0.3,1.3,2.9,11.6
189,Isaiah Hartenstein,C,21,HOU,9,0,11.4,1.2,1.8,0.688,0,0.1,0,1.2,1.7,0.733,0.688,1,1.2,0.818,0.9,2,2.9,0.6,0.3,0.4,0.7,1.9,3.4
190,Udonis Haslem,PF,39,MIA,2,0,5.5,0.5,0.5,1,0,0,,0.5,0.5,1,1,1.5,2,0.75,0,1.5,1.5,0,0,0,0,1.5,2.5
191,Jaxson Hayes,C,19,NOP,25,10,21.7,3.5,5.5,0.63,0,0.2,0.25,3.4,5.4,0.642,0.634,2.3,3.5,0.648,1.9,2.9,4.8,0.8,0.8,1.1,0.8,3.2,9.3
192,Gordon Hayward,SF,29,BOS,11,11,30.6,7.3,13.1,0.556,1.4,3.5,0.395,5.9,9.6,0.613,0.608,1.6,2.1,0.783,0.7,5.4,6.1,4.1,0.7,0.3,1.8,1.8,17.5
193,John Henson,PF,29,CLE,9,0,12.8,2.1,3.8,0.559,0.2,1.1,0.2,1.9,2.7,0.708,0.588,0.3,1.2,0.273,1,2.1,3.1,1.6,0.9,0.9,0.9,2,4.8
194,Dewan Hernandez,C,23,TOR,4,0,2.8,0.3,1.3,0.2,0,0.3,0,0.3,1,0.25,0.2,0.5,0.5,1,0.5,1.3,1.8,0,0.3,0,0.3,1.5,1
195,Juan Hernang¢mez,PF,24,DEN,16,0,13.9,1.5,3.9,0.381,0.8,2.4,0.308,0.8,1.5,0.5,0.476,0.4,0.8,0.538,0.6,1.9,2.5,0.7,0.1,0.2,0.6,0.9,4.2
196,Willy Hernang¢mez,C,25,CHO,9,0,7.1,1.1,2.7,0.417,0.2,0.7,0.333,0.9,2,0.444,0.458,0.4,0.9,0.5,1,1.4,2.4,0.3,0.1,0.3,0.6,0.4,2.9
197,Tyler Herro,SG,20,MIA,26,3,29.2,5,12,0.419,2,5.4,0.376,3,6.6,0.453,0.503,2,2.3,0.869,0.3,3.7,4,2,0.7,0.1,1.8,1.3,14.2
198,Mario Hezonja,PF,24,POR,24,4,16.8,1.5,4.1,0.357,0.4,1.3,0.323,1,2.8,0.373,0.408,1,1.2,0.828,0.7,3.7,4.4,0.9,0.5,0.1,0.8,2.1,4.3
199,Buddy Hield,SG,27,SAC,27,27,34.2,8,18.3,0.435,3.9,10.3,0.38,4,8,0.507,0.543,1.7,2,0.855,1,4,5,2.9,0.9,0.3,2.5,2.5,21.6
200,George Hill,PG,33,MIL,26,0,21.5,3.3,6.3,0.534,1.5,3,0.506,1.8,3.3,0.558,0.653,1.4,1.7,0.841,1.1,2,3.1,3.1,0.9,0.1,0.8,1.6,9.6
201,Solomon Hill,SF,28,MEM,25,1,19.8,2.3,5.5,0.42,1.3,3.2,0.4,1,2.3,0.448,0.536,0.4,0.7,0.611,0.6,2.6,3.2,2,1,0.1,0.9,1.6,6.4
202,Jaylen Hoard,SF,20,POR,5,0,3.6,0.6,1.2,0.5,0,0,,0.6,1.2,0.5,0.5,0.2,0.4,0.5,0.6,0.8,1.4,0.4,0.2,0,0,0.2,1.4
203,Aaron Holiday,PG,23,IND,26,9,21.6,3.7,8.7,0.427,1.5,3.7,0.402,2.2,4.9,0.445,0.513,1,1.2,0.833,0.4,2.2,2.6,2.6,0.8,0.1,1.3,1.6,9.8
204,Jrue Holiday,SG,29,NOP,26,26,36.1,7.9,17.8,0.446,1.8,5.4,0.336,6.1,12.4,0.494,0.497,1.8,2.7,0.676,1.3,3.7,5,6.8,1.7,0.8,3.3,2.5,19.5
205,Justin Holiday,SG,30,IND,28,2,25.1,2.8,6.8,0.407,1.5,4.1,0.377,1.2,2.7,0.453,0.521,0.7,0.9,0.8,0.5,3.5,3.9,1.5,1.1,0.6,0.6,1.7,7.8
206,Rondae Hollis-Jefferson,SF,25,TOR,18,0,19.5,3.2,6.2,0.518,0.1,0.4,0.143,3.2,5.8,0.543,0.522,1.7,2.3,0.732,2.4,2.9,5.3,1.4,0.7,0.3,1.2,1.8,8.2
207,Richaun Holmes,C,26,SAC,27,23,28.6,5,7.6,0.655,0,0,,5,7.6,0.655,0.655,1.9,2.4,0.8,2.7,5.5,8.1,1,1.1,1.4,1.1,4.1,11.9
208,Rodney Hood,SF,27,POR,21,21,29.5,4.1,8.2,0.506,1.7,3.4,0.493,2.5,4.8,0.515,0.608,1,1.3,0.778,0.5,3,3.4,1.5,0.8,0.2,0.9,2.2,11
209,Al Horford,C,33,PHI,24,24,30.6,5.6,11.8,0.472,1.4,4.1,0.343,4.2,7.7,0.541,0.532,1,1.5,0.676,1.8,5.2,6.9,3.9,1.1,1.1,1.2,2.4,13.6
210,Talen Horton-Tucker,SG,19,LAL,1,0,2,0,1,0,0,1,0,0,0,,0,0,0,,0,0,0,1,0,0,0,0,0
211,Danuel House,SF,26,HOU,21,19,29.9,3.6,8.2,0.434,2.1,5.3,0.393,1.5,2.9,0.508,0.561,1.5,1.9,0.8,1.2,3,4.2,1.3,1.1,0.6,1,2.1,10.8
212,Dwight Howard,C,34,LAL,28,0,20.2,2.9,3.8,0.748,0,0.1,0.333,2.8,3.7,0.76,0.752,1.3,2.6,0.486,2.1,4.9,7,0.7,0.4,1.4,1.2,3.6,7
213,Kevin Huerter,SG,21,ATL,17,9,23.5,2.9,7.5,0.391,1.6,4.5,0.351,1.4,3,0.451,0.496,1,1.3,0.773,0.5,2.7,3.2,3.4,0.9,0.5,1.5,1.9,8.5
214,De'Andre Hunter,SF,22,ATL,27,26,31.9,4.6,11.5,0.4,1.7,5,0.341,2.9,6.5,0.446,0.474,2,2.6,0.771,0.5,3.6,4.1,2,0.7,0.3,1.6,2.7,12.9
215,Chandler Hutchison,SF,23,CHI,9,6,17.1,2.2,4.9,0.455,0.6,1.3,0.417,1.7,3.6,0.469,0.511,2.1,3.2,0.655,0.1,3.6,3.7,0.9,0.6,0.2,1.3,1.3,7.1
216,Serge Ibaka,C,30,TOR,16,0,21.9,4.7,10.4,0.449,0.8,2.3,0.324,3.9,8.1,0.485,0.485,2.2,2.6,0.833,1.9,5.2,7.1,1.3,0.5,1,2,2.4,12.3
217,Ersan ?lyasova,PF,32,MIL,25,1,16.4,2.9,5.8,0.503,0.8,2.5,0.333,2.1,3.3,0.634,0.576,1.3,1.6,0.825,1.3,3.6,4.9,0.8,0.4,0.3,0.4,1.7,8
218,Joe Ingles,SF,32,UTA,27,7,28.7,2.9,7.2,0.405,1.6,4.5,0.355,1.3,2.7,0.486,0.515,1.1,1.4,0.789,0.3,4,4.4,4.1,1,0.1,1.8,2.3,8.6
219,Brandon Ingram,PF,22,NOP,24,24,33.7,8.9,18.3,0.486,2.3,5.6,0.4,6.7,12.7,0.525,0.548,4.8,5.8,0.835,0.9,6.2,7.1,3.6,0.7,0.8,2.8,3.2,24.9
220,Kyrie Irving,PG,27,BRK,11,11,33.8,10.2,22.9,0.444,2.8,8.3,0.341,7.4,14.6,0.503,0.506,5.4,5.7,0.937,0.9,4.5,5.4,7.2,1.1,0.5,2.4,2.9,28.5
221,Jonathan Isaac,SF,22,ORL,25,25,31,4.8,10.6,0.458,1.1,3.3,0.341,3.7,7.3,0.511,0.511,1.8,2.3,0.807,1.6,5.6,7.2,1.4,1.2,2.7,1.5,2.4,12.6
222,Wesley Iwundu,SF,25,ORL,13,3,14,1.1,3.4,0.318,0.1,0.9,0.083,1,2.5,0.406,0.33,1.2,1.4,0.833,0.4,1.7,2.1,0.8,0.5,0.2,0.5,0.8,3.4
223,Frank Jackson,PG,21,NOP,23,1,14.3,2.3,6.2,0.373,0.9,2.9,0.303,1.4,3.3,0.434,0.444,1.1,1.4,0.813,0.2,1.1,1.3,1,0.4,0,1,1.5,6.6
224,Jaren Jackson,C,20,MEM,26,26,27.5,6.3,13.4,0.47,2.5,6.2,0.404,3.8,7.2,0.527,0.563,2.3,3,0.772,1,3.8,4.8,1.5,0.6,1.2,2,4.2,17.5
225,Justin Jackson,PF,24,DAL,25,0,14.4,2.3,5.2,0.446,1,2.6,0.375,1.4,2.6,0.515,0.538,0.5,0.7,0.706,0.4,2,2.4,0.5,0.2,0.1,0.2,1.2,6.1
226,Reggie Jackson,PG,29,DET,2,2,18,2,5.5,0.364,0.5,2.5,0.2,1.5,3,0.5,0.409,0.5,0.5,1,0.5,2,2.5,4,0,0,0.5,1,5
227,Justin James,SG,23,SAC,12,0,11.9,1.5,3.7,0.409,0.3,1.2,0.214,1.3,2.5,0.5,0.443,0.1,0.5,0.167,0.2,1.5,1.7,0.8,0.3,0.5,0.4,1,3.3
228,LeBron James,PG,35,LAL,28,28,34.7,10,20.1,0.498,2.2,6.2,0.353,7.9,14,0.563,0.552,3.7,5.5,0.673,1,6.3,7.4,10.6,1.3,0.6,4,1.8,25.9
229,Amile Jefferson,PF,26,ORL,6,0,2.8,0.5,0.7,0.75,0,0,,0.5,0.7,0.75,0.75,0,0.3,0,0.5,0.3,0.8,0.3,0,0,0.2,0.5,1
230,DaQuan Jeffries,SG,22,SAC,2,0,5.5,0.5,0.5,1,0,0,,0.5,0.5,1,1,0,0,,0.5,0,0.5,0.5,0,0,0,0.5,1
231,Ty Jerome,PG,22,PHO,7,0,13.7,1.4,4.9,0.294,0.6,1.9,0.308,0.9,3,0.286,0.353,0.4,0.4,1,0,1.6,1.6,2.3,1.6,0,1,1.4,3.9
232,Alize Johnson,SF,23,IND,9,0,4.3,0.6,1.2,0.455,0,0,,0.6,1.2,0.455,0.455,0.3,0.4,0.75,0.7,0.7,1.3,0.2,0,0,0.1,0.7,1.4
233,B.J. Johnson,SF,24,ORL,1,0,3,0,0,,0,0,,0,0,,,0,0,,0,0,0,0,0,0,0,0,0
234,Cameron Johnson,PF,23,PHO,24,0,21.1,3.3,7.3,0.443,2,5,0.412,1.2,2.4,0.509,0.582,0.8,1,0.833,1,2.2,3.2,1,0.6,0.3,0.7,1.7,9.4
235,James Johnson,PF,32,MIA,6,0,11.3,1.3,3,0.444,0.3,1.5,0.222,1,1.5,0.667,0.5,0.3,0.7,0.5,0.3,1.5,1.8,0.7,0.5,0.3,0.7,0.8,3.3
236,Keldon Johnson,SF,20,SAS,1,0,2,0,1,0,0,0,,0,1,0,0,0,0,,0,0,0,0,0,0,0,0,0
237,Stanley Johnson,PF,23,TOR,5,0,3.8,0.6,1.8,0.333,0.2,0.8,0.25,0.4,1,0.4,0.389,0,0,,0.4,1,1.4,0,0.2,0,0.8,1.2,1.4
238,Tyler Johnson,SG,27,PHO,20,3,19,2.2,5.8,0.379,0.9,2.9,0.31,1.3,2.9,0.448,0.457,1,1.3,0.769,0.3,1.6,1.8,2.1,0.4,0.4,1,1.5,6.3
239,Nikola Joki?,C,24,DEN,25,25,31.4,6.9,14.4,0.481,1.1,4.1,0.262,5.8,10.3,0.568,0.518,2.1,2.7,0.779,2.1,8,10.2,6.5,1,0.6,2.5,3,17
240,Damian Jones,C,24,ATL,27,19,18.3,3,4.2,0.711,0.1,0.2,0.4,2.9,4,0.725,0.719,1.4,2,0.698,1.6,2.4,3.9,0.7,0.4,0.9,0.6,3.4,7.4
241,Derrick Jones,SF,22,MIA,13,0,19.5,2.5,4.9,0.516,0.5,1.6,0.286,2.1,3.3,0.628,0.563,1.5,2.1,0.704,0.5,2.3,2.8,1.1,1.3,0.5,0.7,2.5,7
242,Tyus Jones,PG,23,MEM,27,6,20.2,2.5,6.2,0.401,0.4,1.5,0.244,2.1,4.7,0.452,0.431,0.7,1,0.731,0,1.5,1.5,4.9,0.9,0.1,1.2,0.9,6
243,DeAndre Jordan,C,31,BRK,24,3,21.3,3.4,5.1,0.664,0,0,,3.4,5.1,0.664,0.664,1.5,2.2,0.679,2.6,6.9,9.5,2.1,0.4,1,1,2.1,8.3
244,Cory Joseph,PG,28,SAC,27,18,26.4,2.3,6.4,0.366,0.6,2,0.283,1.8,4.4,0.403,0.41,0.7,0.7,1,0.5,2.1,2.6,3.9,0.8,0.5,1.3,2,5.9
245,Mfiondu Kabengele,C,22,LAC,9,0,4.2,0.9,2.1,0.421,0.6,1.2,0.455,0.3,0.9,0.375,0.553,0.3,0.3,1,0.1,0.7,0.8,0.1,0.1,0.1,0.1,0.4,2.7
246,Frank Kaminsky,C,26,PHO,27,13,24.1,4.3,9.5,0.447,1.3,3.9,0.346,2.9,5.7,0.516,0.518,1.9,2.9,0.649,1,4.4,5.4,2.5,0.5,0.4,1,2.2,11.7
247,Enes Kanter,C,27,BOS,17,3,16.3,3.2,5.4,0.604,0,0.1,0,3.2,5.2,0.618,0.604,1.4,2.2,0.649,2.5,3.5,6,1.1,0.6,0.6,0.7,1.5,7.9
248,Luke Kennard,SG,23,DET,26,23,33,5.5,12.4,0.443,2.6,6.5,0.394,2.9,5.9,0.497,0.546,2.5,2.8,0.904,0.3,3.2,3.5,4.2,0.5,0.2,1.5,2.3,16.1
249,Stanton Kidd,SF,27,UTA,4,0,3.8,0,0.8,0,0,0.3,0,0,0.5,0,0,0,0,,0,0.8,0.8,0.3,0,0,0.5,0.8,0
250,Michael Kidd-Gilchrist,PF,26,CHO,8,0,16,1.8,5.6,0.311,0.5,1.9,0.267,1.3,3.8,0.333,0.356,0.9,1.1,0.778,1,2.6,3.6,0.9,0,0.3,0.8,1.9,4.9
251,Maxi Kleber,C,28,DAL,25,5,24.4,2.9,6.4,0.45,1.4,3.8,0.383,1.4,2.6,0.545,0.563,1.2,1.3,0.906,1.6,3.8,5.4,1,0.2,0.7,0.7,2.1,8.4
252,Brandon Knight,PG,28,CLE,9,0,11.3,1.7,4.8,0.349,1.2,3.7,0.333,0.4,1.1,0.4,0.477,0.3,0.9,0.375,0.1,0.8,0.9,1.8,0.4,0,0.8,1,4.9
253,Kevin Knox,SF,20,NYK,27,3,19.9,2.6,6.9,0.38,1.2,3.7,0.327,1.4,3.2,0.442,0.468,1.2,1.8,0.653,0.4,2.4,2.9,1.3,0.6,0.4,0.7,1.6,7.7
254,John Konchar,SG,23,MEM,1,0,7,0,0,,0,0,,0,0,,,0,0,,0,0,0,0,0,0,0,0,0
255,Furkan Korkmaz,SG,22,PHI,27,11,21.5,2.9,6.9,0.427,1.5,4.3,0.357,1.4,2.6,0.543,0.538,0.6,0.8,0.81,0.1,2.1,2.3,0.9,0.4,0.2,0.7,1.5,8
256,Luke Kornet,C,24,CHI,14,0,10.1,1.1,3.4,0.313,0.4,1.9,0.185,0.7,1.5,0.476,0.365,0.4,0.4,1,0.4,1.1,1.6,0.4,0.1,0.7,0.2,0.9,2.9
257,Kyle Korver,SF,38,MIL,23,0,15.8,2,5,0.395,1.6,4.2,0.385,0.3,0.8,0.444,0.557,0.4,0.5,0.818,0.3,1.4,1.7,0.9,0.4,0.2,0.8,1.2,5.9
258,Rodions Kurucs,PF,21,BRK,12,0,10.2,0.8,2.3,0.357,0.3,0.8,0.444,0.5,1.6,0.316,0.429,0.3,0.7,0.375,0.6,2.1,2.7,0.3,0.5,0.1,1.3,1.7,2.3
259,Kyle Kuzma,PF,24,LAL,20,1,23.1,4.1,9.4,0.433,1.6,4.5,0.36,2.5,4.9,0.5,0.519,1.4,2,0.692,0.4,3,3.4,0.9,0.3,0.4,1.8,1.7,11.1
260,Skal LabissiŠre,C,23,POR,27,0,16.9,2.3,4.2,0.553,0.1,0.3,0.222,2.3,3.9,0.581,0.561,0.6,0.8,0.682,2,3,5,1.2,0.3,0.9,0.9,2.6,5.3
261,Jeremy Lamb,SG,27,IND,19,19,30.3,5.4,11.7,0.457,1.1,3.7,0.296,4.3,8,0.533,0.504,2.2,2.6,0.82,0.6,4.2,4.7,2.4,1.2,0.6,1.5,2.2,14
262,Romeo Langford,SG,20,BOS,1,0,0,0,0,,0,0,,0,0,,,0,0,,0,0,0,0,0,0,0,0,0
263,Zach LaVine,SG,24,CHI,29,29,32.8,8,18.1,0.439,3.1,7.6,0.405,4.9,10.6,0.464,0.524,4.2,5.1,0.819,0.8,3.7,4.4,3.8,1.3,0.4,3.3,2.4,23.2
264,Jake Layman,PF,25,MIN,14,2,26.4,4.4,9.4,0.462,1.4,3.9,0.352,3,5.6,0.538,0.534,0.4,0.7,0.6,0.9,2.1,2.9,0.8,0.9,0.7,1.3,2.2,10.5
265,T.J. Leaf,PF,22,IND,17,1,9.6,1.5,3.4,0.448,0.3,0.6,0.455,1.2,2.8,0.447,0.491,0.3,0.5,0.625,1.2,2.2,3.4,0.4,0.4,0.2,0.4,0.9,3.6
266,Courtney Lee,SG,34,DAL,8,3,8.6,1.6,2.8,0.591,0.9,1.5,0.583,0.8,1.3,0.6,0.75,0,0,,0,0.4,0.4,0.4,0,0.3,0.3,0.6,4.1
267,Damion Lee,SG,27,GSW,14,1,22.6,3.6,8.9,0.411,1.1,3.4,0.313,2.6,5.4,0.474,0.472,2.4,2.9,0.825,0.8,2.9,3.7,1.8,0.6,0,1.1,1.5,10.7
268,Alex Len,C,26,ATL,27,9,17.9,3.3,6.1,0.539,0.3,1.3,0.257,3,4.8,0.615,0.567,1.3,1.9,0.686,1.6,3.4,5,1.1,0.5,0.7,1,2.1,8.2
269,Kawhi Leonard,SF,28,LAC,21,21,31.3,8.9,19.6,0.451,1.7,4.8,0.356,7.1,14.8,0.482,0.495,6.1,7,0.871,1,6.8,7.8,5,1.8,0.7,3.5,2,25.5
270,Meyers Leonard,PF,27,MIA,27,27,17.9,2.3,4,0.579,0.9,1.9,0.49,1.4,2.1,0.661,0.696,0.2,0.3,0.556,0.3,3.7,4.1,1,0.3,0.4,0.7,2.1,5.7
271,Caris LeVert,SG,25,BRK,9,9,31.6,6.6,15.6,0.421,1.4,4,0.361,5.1,11.6,0.442,0.468,2.2,3.4,0.645,1.1,3.9,5,4,0.7,0.1,3.4,2.2,16.8
272,Damian Lillard,PG,29,POR,25,25,36.6,8.2,18.5,0.443,3.3,9,0.363,4.9,9.5,0.519,0.531,6.6,7.3,0.907,0.5,3.8,4.3,7.4,1,0.4,2.9,2,26.3
273,Nassir Little,PF,19,POR,18,3,15,1.7,4.2,0.408,0.3,1.7,0.167,1.4,2.6,0.565,0.441,0.8,1.2,0.682,1.1,2.3,3.4,0.7,0.4,0.4,0.5,1.9,4.6
274,Kevon Looney,C,23,GSW,8,3,11.4,1.1,3.5,0.321,0.1,0.3,0.5,1,3.3,0.308,0.339,0.4,0.6,0.6,1.5,1.5,3,0.4,0.4,0.3,0.8,1.8,2.8
275,Brook Lopez,C,31,MIL,26,26,26,3.2,8.5,0.382,1.4,4.8,0.29,1.8,3.7,0.5,0.464,1.8,2,0.902,0.6,4.4,5,1.5,0.6,2.2,1,2.3,9.6
276,Robin Lopez,C,31,MIL,28,2,14.1,2.1,4.3,0.492,0.5,1.7,0.298,1.6,2.6,0.616,0.55,0.5,0.8,0.636,1,1.8,2.8,0.6,0.2,0.6,1.2,1.6,5.2
277,Kevin Love,PF,31,CLE,23,23,30.3,5.1,11.7,0.437,2,5.7,0.359,3.1,6,0.511,0.524,3.6,4.2,0.854,1,9.6,10.6,2.7,0.6,0.3,2.7,1.3,15.9
278,Kyle Lowry,PG,33,TOR,15,15,37.3,5.5,13.5,0.409,2.8,8.1,0.344,2.7,5.4,0.506,0.512,5.1,5.9,0.875,0.5,4.1,4.7,7.1,1.2,0.3,2.9,2.9,19
279,Timoth‚ Luwawu-Cabarrot,SG,24,BRK,5,0,12.4,1.6,3.8,0.421,0.2,1.4,0.143,1.4,2.4,0.583,0.447,1,1.2,0.833,0,1.6,1.6,0.2,0.2,0,0.8,0.6,4.4
280,Trey Lyles,PF,24,SAS,26,16,16.8,1.7,3.9,0.436,0.8,2.2,0.357,0.9,1.7,0.533,0.535,0.2,0.4,0.545,1.2,4.7,5.9,1.2,0.3,0.3,0.8,1.2,4.4
281,Daryl Macon,SG,24,MIA,4,0,3.5,0.3,0.8,0.333,0.3,0.5,0.5,0,0.3,0,0.5,0,0,,0,0,0,0.3,0,0,0.5,0.3,0.8
282,Josh Magette,PG,30,ORL,3,0,3.3,0.7,2,0.333,0,0,,0.7,2,0.333,0.333,0.3,0.7,0.5,0.3,0.7,1,0.7,0.7,0,1,0,1.7
283,Ian Mahinmi,C,33,WAS,5,2,18.6,2.6,4.4,0.591,0,0.4,0,2.6,4,0.65,0.591,2.4,3.4,0.706,1.8,3,4.8,0.8,0.2,1.4,1.6,3,7.6
284,Thon Maker,C,22,DET,25,2,11,1,2,0.531,0.3,0.6,0.5,0.8,1.4,0.543,0.602,0.8,1.5,0.541,0.6,1.3,1.9,0.5,0.3,0.6,0.6,1.5,3.2
285,Terance Mann,SG,23,LAC,22,5,9.2,1,1.9,0.5,0.1,0.4,0.222,0.9,1.5,0.576,0.524,0.4,0.5,0.8,0.1,1,1.1,1.3,0.3,0.1,0.5,1.2,2.4
286,Boban Marjanovi?,C,31,DAL,11,1,11.9,2.8,5.1,0.554,0,0.1,0,2.8,5,0.564,0.554,1.2,1.5,0.813,1.4,3.6,5,0.6,0.2,0.3,0.8,1.6,6.8
287,Lauri Markkanen,PF,22,CHI,29,29,30.3,4.6,11.7,0.395,1.9,6,0.324,2.7,5.7,0.47,0.478,3.1,3.8,0.817,1.1,5.7,6.8,1.7,0.9,0.6,1.9,2.1,14.2
288,Caleb Martin,SF,24,CHO,5,0,6.4,0.6,2,0.3,0,0.6,0,0.6,1.4,0.429,0.3,0.6,1,0.6,0.2,0.8,1,0.6,0.2,0.4,0.6,0.6,1.8
289,Cody Martin,SF,24,CHO,21,0,13.6,1.1,2.9,0.4,0.2,1.2,0.2,0.9,1.7,0.543,0.442,1,1.4,0.667,0.5,2,2.6,1.2,0.7,0.1,0.6,1.3,3.5
290,Kelan Martin,SF,24,MIN,9,0,13.7,1.7,4.9,0.341,0.6,2.7,0.208,1.1,2.2,0.5,0.398,0,0,,0.2,2.7,2.9,0.3,0.1,0.1,0.4,2.2,3.9
291,Frank Mason,PG,25,MIL,3,0,4.3,0.3,1.3,0.25,0.3,0.7,0.5,0,0.7,0,0.375,0.3,0.7,0.5,0,0.3,0.3,1.3,0.3,0,0.3,0.7,1.3
292,Garrison Mathews,SG,23,WAS,4,0,7.5,0.5,1.3,0.4,0.5,1.3,0.4,0,0,,0.6,0.3,0.3,1,0,0.5,0.5,0.5,0,0,0.5,1.5,1.8
293,Wesley Matthews,SG,33,MIL,28,28,23.8,2.6,6.1,0.43,1.6,4.2,0.381,1,1.9,0.537,0.561,0.8,1,0.852,0.2,2.1,2.4,1.3,0.6,0.1,0.7,1.4,7.7
294,Patrick McCaw,SF,24,TOR,5,0,20,1.2,3.2,0.375,0.6,2,0.3,0.6,1.2,0.5,0.469,0.2,0.4,0.5,0.6,1.2,1.8,1.6,0.8,0,1.4,1.4,3.2
295,CJ McCollum,SG,28,POR,27,27,36.4,8.7,19.2,0.451,2.6,6.9,0.378,6.1,12.4,0.491,0.518,1.8,2.2,0.814,0.9,3.6,4.4,3.7,0.7,0.9,2.1,2.8,21.7
296,T.J. McConnell,PG,27,IND,26,0,17.7,3.1,6.2,0.503,0,0.2,0.2,3.1,6,0.513,0.506,0.5,0.5,0.923,0.5,2.1,2.6,4.9,0.7,0.2,1.3,1.2,6.7
297,Jalen McDaniels,PF,22,CHO,2,0,3.5,1,2.5,0.4,0,0.5,0,1,2,0.5,0.4,0,0,,0.5,0,0.5,0,0,0,0,0,2
298,Doug McDermott,PF,28,IND,28,0,20.9,3.5,7.5,0.467,1.8,3.8,0.472,1.7,3.7,0.462,0.586,0.6,0.8,0.773,0.5,2.4,2.9,1.1,0.1,0.1,0.8,2,9.4
299,JaVale McGee,C,32,LAL,28,28,16.6,3.3,5.1,0.632,0,0,,3.3,5.1,0.632,0.632,0.8,1.2,0.636,2,4.2,6.2,0.6,0.6,1.3,0.9,2.3,7.3
300,Rodney McGruder,SG,28,LAC,18,2,17.8,1.5,4,0.375,0.7,2.3,0.293,0.8,1.7,0.484,0.458,0.3,0.6,0.5,0.7,2.3,3,0.8,0.5,0.2,0.4,1.8,3.9
301,Alfonzo McKinnie,SF,27,CLE,18,0,10.1,0.9,2.9,0.327,0.4,1.4,0.32,0.5,1.5,0.333,0.404,0.4,0.6,0.636,0.6,1.4,2.1,0.2,0.3,0.2,0.4,1.2,2.7
302,Jordan McLaughlin,PG,23,MIN,4,0,14.3,1,3.8,0.267,0.3,2,0.125,0.8,1.8,0.429,0.3,0.5,0.5,1,0.3,1.5,1.8,2,0.3,0,1,1,2.8
303,Ben McLemore,SG,26,HOU,27,8,23.6,3.5,8.2,0.423,2.6,7,0.367,0.9,1.3,0.735,0.579,1.1,1.4,0.769,0.3,2,2.3,1,0.7,0.3,0.8,2,10.6
304,Jordan McRae,SG,28,WAS,13,0,18.1,3.3,7,0.473,1,2.5,0.394,2.3,4.5,0.517,0.544,1.3,1.5,0.895,0.2,2.2,2.4,2.8,0.6,0.3,1.1,2,8.9
305,Nicol• Melli,C,29,NOP,24,3,15,1.7,4.3,0.394,0.9,3,0.306,0.8,1.3,0.594,0.5,0.9,1.1,0.808,0.6,1.9,2.5,1.1,0.6,0.2,0.8,1.8,5.2
306,De'Anthony Melton,PG,21,MEM,16,0,16.3,2.1,5.2,0.41,0.4,1.4,0.318,1.7,3.8,0.443,0.452,1.8,2.1,0.848,0.9,2.7,3.6,3.1,1.2,0.3,1.6,2,6.4
307,Chimezie Metu,PF,22,SAS,6,0,3.5,1.2,2,0.583,0,0,,1.2,2,0.583,0.583,0.3,0.7,0.5,1.2,0.7,1.8,0.3,0,0.3,0,0,2.7
308,Khris Middleton,SF,28,MIL,21,18,27.7,6.8,13.8,0.493,2.1,5.2,0.404,4.7,8.6,0.547,0.569,2.4,2.7,0.895,0.8,4.7,5.4,3.5,0.9,0.1,1.9,2.3,18.1
309,C.J. Miles,SG,32,WAS,10,0,16.1,1.9,5.9,0.322,1.1,3.5,0.314,0.8,2.4,0.333,0.415,1.5,2,0.75,0.4,0.8,1.2,1.2,1,0.4,0.4,1.4,6.4
310,Malcolm Miller,SF,26,TOR,12,1,5,0.5,1,0.5,0.4,0.8,0.5,0.1,0.2,0.5,0.708,0.1,0.5,0.167,0,0.6,0.6,0.3,0,0.2,0.2,0.5,1.5
311,Patty Mills,PG,31,SAS,26,1,23.7,4,8.8,0.452,2.1,5.1,0.414,1.9,3.7,0.505,0.572,1.3,1.6,0.805,0.2,1.3,1.5,2.2,0.9,0.2,1,1.5,11.4
312,Paul Millsap,PF,34,DEN,23,23,25.3,4.3,9.1,0.476,1.1,2.4,0.455,3.3,6.7,0.484,0.536,2.8,3.2,0.878,2,3.9,5.8,1.2,0.9,0.8,1.3,2.7,12.6
313,Shake Milton,SG,23,PHI,9,0,9.1,1.3,3.9,0.343,0.4,2.1,0.211,0.9,1.8,0.5,0.4,0.8,1,0.778,0.1,0.8,0.9,0.8,0.1,0,1.3,1.4,3.9
314,Donovan Mitchell,SG,23,UTA,27,27,34.7,9.4,20.7,0.453,2.3,6.3,0.359,7.1,14.4,0.495,0.508,4.2,5,0.837,0.9,3.8,4.7,3.7,1.1,0.3,2.3,2.3,25.2
315,Naz Mitrou-Long,SG,26,IND,3,0,14.3,2,5.3,0.375,0.7,3.7,0.182,1.3,1.7,0.8,0.438,0,0,,0,2,2,2.3,0.3,0.3,0.7,0.3,4.7
316,Malik Monk,SG,21,CHO,29,0,20.4,3.7,8.1,0.449,1,3.8,0.266,2.7,4.4,0.606,0.511,1.3,1.5,0.841,0.3,2.5,2.9,2.2,0.4,0.2,1.4,1.6,9.6
317,E'Twaun Moore,SG,30,NOP,16,3,20.4,3.7,8.8,0.421,1.3,3.4,0.382,2.4,5.3,0.447,0.496,0.9,1.4,0.636,0.8,2.4,3.2,1.4,0.5,0.1,0.7,1.7,9.6
318,Ja Morant,PG,20,MEM,21,21,29.1,6.9,14.6,0.471,1,2.4,0.431,5.8,12.1,0.478,0.507,4,5,0.8,0.8,2.3,3.1,6.5,1.3,0.3,3.3,1.7,18.8
319,Juwan Morgan,PF,22,UTA,3,0,3,0,0,,0,0,,0,0,,,0,0,,0,0.7,0.7,0,0,0,0.3,0.3,0
320,Marcus Morris,SF,30,NYK,26,26,32.1,6.1,14.2,0.431,2.8,5.9,0.477,3.3,8.3,0.398,0.53,3.8,4.4,0.861,1.1,4.6,5.7,1.4,0.9,0.5,1.8,3.1,18.8
321,Markieff Morris,PF,30,DET,26,13,22.5,4.1,8.5,0.482,1.6,3.9,0.416,2.5,4.6,0.538,0.577,1.2,1.7,0.744,0.6,3.5,4,1.6,0.7,0.2,1.8,2.3,11
322,Monte Morris,PG,24,DEN,25,0,18,2.8,6.5,0.429,0.5,1.4,0.371,2.3,5.1,0.445,0.469,1,1.3,0.758,0.2,1.4,1.6,3.4,0.5,0.3,0.8,0.8,7.1
323,Johnathan Motley,PF,24,LAC,4,0,2.8,0.3,0.8,0.333,0.3,0.3,1,0,0.5,0,0.5,0,0,,0.3,0.3,0.5,0.8,0.8,0,0.8,0.8,0.8
324,Emmanuel Mudiay,PG,23,UTA,24,0,15.9,2.6,5.7,0.46,0.5,1.4,0.324,2.2,4.3,0.505,0.5,1.2,1.6,0.744,0.3,2.3,2.5,2.4,0.3,0.3,1.7,1.7,6.9
325,Dejounte Murray,PG,23,SAS,23,15,23,4.1,8.7,0.468,0.2,1.2,0.179,3.9,7.5,0.514,0.48,1.8,2.3,0.774,1.2,4.9,6,4,1.7,0.3,2.3,2.3,10.2
326,Jamal Murray,PG,22,DEN,25,25,31.5,6.4,14.9,0.429,1.6,5,0.331,4.8,10,0.478,0.484,2.4,2.8,0.884,0.8,3.6,4.4,4.6,1.4,0.3,2.2,1.7,16.9
327,D?anan Musa,SF,20,BRK,21,0,14.3,1.4,4.6,0.309,0.4,2.3,0.184,1,2.3,0.438,0.356,1.1,1.5,0.742,0.5,2,2.4,1.1,0.4,0,1.1,0.8,4.4
328,Mike Muscala,C,28,OKC,16,0,11.1,1.2,3.8,0.311,0.8,2.9,0.261,0.4,0.9,0.467,0.41,0.4,0.5,0.875,0.4,1.9,2.3,0.9,0.3,0.2,0.4,1.3,3.6
329,Sviatoslav Mykhailiuk,SF,22,DET,22,1,16.1,1.8,4.3,0.411,1.4,3.3,0.431,0.4,1,0.348,0.574,0.3,0.4,0.75,0.2,1,1.1,1.2,0.4,0.1,0.8,1.1,5.2
330,Abdel Nader,SF,26,OKC,19,5,17.7,2.6,5.2,0.495,1.2,2.6,0.44,1.4,2.6,0.551,0.606,1.2,1.4,0.852,0.3,1.6,1.9,0.6,0.4,0.4,1,1.5,7.5
331,Larry Nance,C,27,CLE,25,4,25.2,3.4,6.9,0.5,1.1,3.1,0.359,2.3,3.8,0.617,0.581,1,1.4,0.714,1.8,5.5,7.4,1.6,0.8,0.5,1,1.6,9
332,Shabazz Napier,PG,28,MIN,13,0,17.4,2.1,5.8,0.36,0.8,3.7,0.229,1.2,2.1,0.593,0.433,1.6,1.8,0.875,0.1,1.8,1.8,3.1,1.1,0.2,1.7,1.2,6.6
333,Raul Neto,PG,27,PHI,25,2,12.5,1.7,3.5,0.494,0.6,1.3,0.485,1.1,2.2,0.5,0.586,0.2,0.2,0.667,0.1,1,1.2,1.6,0.5,0.1,1,0.7,4.2
334,Georges Niang,PF,26,UTA,21,0,11.6,1.5,3.3,0.464,0.9,2.1,0.4,0.7,1.1,0.583,0.594,0.3,0.5,0.7,0.1,1.6,1.7,0.5,0.1,0.1,0.5,1.3,4.2
335,Nerlens Noel,C,25,OKC,25,3,18.6,3,4.6,0.649,0,0,,3,4.6,0.649,0.649,1.7,2.1,0.808,1.3,3.6,4.9,1.4,1,1.5,1,2.8,7.6
336,Zach Norvell,SG,22,LAL,2,0,2.5,0,0.5,0,0,0,,0,0.5,0,0,0,0,,0,0.5,0.5,0,0,0,0,0,0
337,Jaylen Nowell,SG,20,MIN,2,0,7.5,0.5,2,0.25,0,1.5,0,0.5,0.5,1,0.25,0.5,0.5,1,0,0.5,0.5,1.5,0,0,0.5,0.5,1.5
338,Frank Ntilikina,PG,21,NYK,26,22,24.3,2.3,5.9,0.383,0.8,2.5,0.338,1.4,3.4,0.416,0.455,0.6,0.8,0.8,0.3,1.7,2.1,3.1,1.3,0.4,1.2,2.5,6
339,Kendrick Nunn,SG,24,MIA,27,27,30.9,6.4,14.3,0.451,2.1,6,0.354,4.3,8.3,0.52,0.525,1.1,1.4,0.816,0.3,2.4,2.7,3.6,1,0.3,2.1,2.6,16.1
340,David Nwaba,SF,27,BRK,19,0,13.3,1.9,3.6,0.536,0.6,1.4,0.462,1.3,2.3,0.581,0.623,0.7,1.2,0.609,0.4,1.8,2.3,0.3,0.5,0.6,0.4,1.5,5.3
341,Royce O'Neale,PF,26,UTA,27,24,28.9,2.3,4.9,0.466,1.3,3,0.45,0.9,1.9,0.49,0.603,0.4,0.6,0.8,0.2,4.5,4.7,2.6,0.8,0.3,0.9,3,6.3
342,Kyle O'Quinn,C,29,PHI,17,0,9.9,1.4,2.8,0.5,0.4,0.9,0.375,1.1,1.9,0.563,0.563,0.2,0.5,0.375,1.1,2.5,3.6,1.4,0.1,0.8,0.9,1.4,3.4
343,Semi Ojeleye,PF,25,BOS,24,1,15.5,0.9,2.3,0.4,0.5,1.5,0.343,0.4,0.8,0.5,0.509,0.3,0.4,0.7,0.3,1.7,2,0.5,0.4,0.1,0.2,1.3,2.6
344,Jahlil Okafor,C,24,NOP,17,8,18.2,3.5,5.8,0.612,0.1,0.1,0.5,3.5,5.6,0.615,0.617,1.6,2.5,0.667,1.7,2.9,4.6,1.7,0.3,0.9,1.5,2.9,8.8
345,Elie Okobo,PG,22,PHO,19,0,10.8,1.5,3.7,0.394,0.5,1.5,0.345,0.9,2.2,0.429,0.465,1.1,1.7,0.625,0.2,0.9,1.1,2.4,0.3,0,0.4,0.7,4.5
346,Josh Okogie,SG,21,MIN,23,8,25.5,2.8,6.5,0.43,0.8,2.6,0.317,2,3.9,0.506,0.493,2.7,3.3,0.792,1.4,3.6,5,1.6,1,0.3,1.5,2.3,9
347,KZ Okpala,SF,20,MIA,3,0,1,0,0,,0,0,,0,0,,,0,0,,0,0.3,0.3,0,0,0,0.3,0,0
348,Kelly Olynyk,C,28,MIA,27,0,23,2.9,6.4,0.457,1.6,3.7,0.416,1.4,2.7,0.514,0.578,1.5,1.7,0.891,0.9,4,5,1.4,0.9,0.4,1.3,2.7,8.9
349,Miye Oni,SG,22,UTA,3,0,2.7,0,0,,0,0,,0,0,,,0,0,,0,0.3,0.3,0,0,0,0.3,0,0
350,Cedi Osman,SF,24,CLE,27,27,28.8,3.4,8.3,0.411,1.6,4.4,0.367,1.8,3.9,0.462,0.509,0.8,1.3,0.647,0.4,2.9,3.3,2.1,1,0.3,1.3,2.2,9.3
351,Kelly Oubre,SF,24,PHO,27,27,32.8,6.3,14,0.446,1.6,4.8,0.338,4.6,9.2,0.502,0.504,3.5,4.4,0.792,1.3,4.7,6,1.4,1.4,0.9,1.7,3.3,17.7
352,Jabari Parker,PF,24,ATL,28,23,27.4,6.5,12.8,0.504,1,3.7,0.279,5.4,9.1,0.596,0.545,1.8,2.5,0.725,1.7,4.6,6.3,1.8,1.4,0.5,1.9,3.1,15.8
353,Chandler Parsons,SF,31,ATL,4,0,10.8,1.3,3.5,0.357,1,3,0.333,0.3,0.5,0.5,0.5,0,0,,0.3,1.3,1.5,0.5,1,0,0.5,0.8,3.5
354,Eric Paschall,PF,23,GSW,25,19,30.9,6,12.1,0.493,0.7,2.4,0.288,5.3,9.7,0.543,0.522,3.5,4.4,0.807,1.4,3.6,5,1.7,0.4,0.4,1.6,2,16.1
355,Patrick Patterson,PF,30,LAC,26,12,14.8,1.7,4.3,0.396,1.3,3.3,0.407,0.3,1,0.36,0.554,0.7,0.9,0.708,0.7,2.5,3.2,0.8,0.2,0.1,0.3,0.7,5.4
356,Justin Patton,C,22,OKC,2,0,4.5,0.5,1.5,0.333,0,0.5,0,0.5,1,0.5,0.333,0,0,,0,1,1,0,0,0,0.5,2,1
357,Chris Paul,PG,34,OKC,26,26,31.4,5.3,11.4,0.466,1.7,4.3,0.381,3.7,7,0.519,0.539,3.9,4.4,0.895,0.3,4.2,4.5,6.3,1.7,0.2,1.8,2.4,16.2
358,Elfrid Payton,PG,25,NYK,11,3,22.3,3.5,8.4,0.413,0.6,1.7,0.368,2.8,6.6,0.425,0.451,0.8,1.1,0.75,1.1,2,3.1,5.2,1.5,0.2,1.5,1.7,8.4
359,Norvel Pelle,SF,26,PHI,4,0,14.3,1.5,2,0.75,0,0,,1.5,2,0.75,0.75,1,1.5,0.667,1,3.8,4.8,1,0,2.3,1.5,3,4
360,Theo Pinson,SG,24,BRK,18,0,14.6,1.8,6.2,0.286,0.6,3.1,0.2,1.2,3.2,0.368,0.335,0.7,0.8,0.929,0.4,1.8,2.2,2,0.5,0.1,1.5,1.3,4.9
361,Mason Plumlee,C,29,DEN,25,0,17.2,2.8,4.8,0.58,0,0.2,0,2.8,4.6,0.6,0.58,1.2,2.3,0.509,1.8,3.9,5.7,2.4,0.7,0.8,1.5,2.4,6.7
362,Vincent Poirier,C,26,BOS,9,0,4.9,0.8,1.6,0.5,0,0,,0.8,1.6,0.5,0.5,0.1,0.2,0.5,0.9,0.8,1.7,0.3,0.2,0.2,0.3,1.1,1.7
363,Jakob P”ltl,C,24,SAS,26,7,18.6,2.5,4.2,0.587,0,0,,2.5,4.2,0.587,0.587,0.8,1.5,0.579,2.2,3.7,6,1.6,0.6,1.3,0.8,1.7,5.8
364,Shamorie Ponds,PG,21,TOR,3,0,3,0.7,1.3,0.5,0,0.3,0,0.7,1,0.667,0.5,0,0,,0,0.3,0.3,0.7,0,0.3,0,0.7,1.3
365,Jordan Poole,SG,20,GSW,26,9,23.2,2.3,9.2,0.255,1.2,4.9,0.244,1.2,4.3,0.268,0.32,1.7,2.1,0.833,0.2,1.9,2.1,2,0.7,0.2,1.2,1.8,7.6
366,Kevin Porter,SF,19,CLE,26,1,21.3,3,6.9,0.428,0.8,2.7,0.319,2.1,4.3,0.495,0.489,1.2,1.5,0.75,0.3,2.6,2.9,2,0.9,0.2,1.5,2.5,7.9
367,Michael Porter,PF,21,DEN,16,0,8.9,1.8,4.1,0.439,0.4,1.3,0.333,1.4,2.8,0.489,0.492,0.5,0.7,0.727,1,1.8,2.8,0.4,0,0.3,0.8,1.1,4.6
368,Otto Porter,SF,26,CHI,9,9,25.1,3.9,9.3,0.417,1.8,4.4,0.4,2.1,4.9,0.432,0.512,1.7,2.2,0.75,0.9,2.6,3.4,1.6,1,0.3,0.8,2.2,11.2
369,Bobby Portis,C,24,NYK,28,2,21.4,3.6,8.5,0.422,1,2.8,0.359,2.6,5.7,0.453,0.481,0.9,1.3,0.722,1.5,4.3,5.7,1.2,0.6,0.3,1,1.6,9.1
370,Kristaps Porzi??is,PF,24,DAL,25,25,30.7,6.1,15.3,0.401,2,6.1,0.336,4.1,9.2,0.443,0.467,2.9,4,0.727,1.7,7.3,9,1.5,0.5,2,1.5,3,17.2
371,Dwight Powell,C,28,DAL,23,20,25.3,3.2,5,0.649,0.3,0.9,0.35,2.9,4.1,0.713,0.68,1.3,2.2,0.58,1.6,3.4,5,1.3,0.8,0.4,0.8,2.6,8
372,Norman Powell,SG,26,TOR,26,15,28.7,5.3,10.7,0.498,1.9,4.9,0.394,3.4,5.8,0.587,0.588,2,2.5,0.815,0.5,3.4,3.9,1.7,1.2,0.4,1.6,2,14.6
373,Julius Randle,PF,25,NYK,28,28,31.8,6.4,14.3,0.446,1,3.7,0.262,5.4,10.6,0.51,0.48,3.7,5.5,0.671,2.4,6.5,8.8,3.4,0.7,0.1,3,2.7,17.4
374,Cam Reddish,SF,20,ATL,25,17,25.4,2.9,9,0.326,1.1,4,0.267,1.8,4.9,0.374,0.386,1.6,2.1,0.736,0.7,3.2,4,1.5,0.8,0.4,1.8,2,8.5
375,J.J. Redick,SG,35,NOP,26,22,29,5,11.3,0.446,3.3,7.2,0.457,1.7,4.1,0.425,0.592,2.7,3.1,0.875,0.2,2.8,3,2.1,0.4,0.2,1.2,1.7,16.1
376,Naz Reid,C,20,MIN,2,0,2,0.5,1,0.5,0.5,1,0.5,0,0,,0.75,0,0,,0,0.5,0.5,0,0,0,0,0.5,1.5
377,Josh Richardson,SG,26,PHI,20,20,30.4,5.4,12.4,0.435,1.8,4.7,0.372,3.7,7.7,0.474,0.506,2.2,2.8,0.768,0.8,2.6,3.4,3,1.1,0.6,2.1,2.8,14.7
378,Austin Rivers,SG,27,HOU,25,1,24.1,3,7.4,0.402,1.3,4.1,0.314,1.7,3.3,0.512,0.489,0.8,1.2,0.7,0.7,2,2.7,1.7,0.5,0.2,0.6,2,8
379,Duncan Robinson,SF,25,MIA,27,22,27.3,4,8.3,0.476,3.1,7,0.447,0.8,1.3,0.629,0.664,0.6,0.6,0.938,0.1,3,3.1,0.8,0.7,0.3,0.6,2.7,11.6
380,Glenn Robinson,SF,26,GSW,28,28,31.9,4.6,10.1,0.456,1.2,3.2,0.371,3.4,6.9,0.495,0.514,1.1,1.3,0.833,1.5,3.3,4.8,1.6,1,0.3,0.9,1.7,11.5
381,Jerome Robinson,SG,22,LAC,24,0,12.4,1.4,4,0.34,0.5,1.9,0.283,0.8,2.1,0.392,0.407,0.3,0.5,0.545,0.1,1.5,1.6,1,0.3,0.3,0.7,1.4,3.5
382,Justin Robinson,PG,22,WAS,6,0,3.3,0.5,1,0.5,0.2,0.2,1,0.3,0.8,0.4,0.583,0,0,,0.2,0.3,0.5,0.5,0,0,0.3,0,1.2
383,Mitchell Robinson,C,21,NYK,24,6,22.5,4.1,6,0.685,0,0,,4.1,6,0.685,0.685,1.9,3,0.639,3.3,3.8,7.1,0.5,0.7,1.8,0.8,3.4,10.1
384,Rajon Rondo,PG,33,LAL,16,0,21.8,3,7.2,0.417,1.3,3,0.438,1.7,4.2,0.403,0.509,0.8,1.1,0.706,0.4,3.3,3.8,5.8,1.1,0.1,1.8,1.1,8.1
385,Derrick Rose,PG,31,DET,22,1,24.2,6.7,13.8,0.484,1,2.8,0.339,5.7,11,0.521,0.518,2.3,2.6,0.879,0.6,1.6,2.2,6.1,0.8,0.3,2.5,1.1,16.6
386,Terrence Ross,SG,28,ORL,25,0,24.7,4.5,11,0.411,2,6,0.331,2.5,5,0.508,0.502,1.8,2.2,0.852,0.3,2.5,2.8,1,1,0.3,1,1.7,12.9
387,Terry Rozier,PG,25,CHO,30,30,32.8,5.8,14.3,0.408,2.5,6.3,0.389,3.4,8,0.423,0.494,2.3,2.7,0.841,0.8,3.9,4.7,4.3,1.2,0.2,2.7,2.2,16.4
388,Ricky Rubio,PG,29,PHO,22,22,31.9,4.7,12.4,0.382,1.1,3.7,0.293,3.6,8.6,0.421,0.426,2.6,3.1,0.838,0.8,4,4.8,9.5,1.3,0.2,2.3,2.5,13.1
389,D'Angelo Russell,SG,23,GSW,16,16,31,7.6,17.9,0.425,2.9,8.4,0.343,4.8,9.6,0.497,0.505,3.4,4.6,0.74,0.3,3.1,3.4,6.2,0.9,0.3,3.3,2.3,21.5
390,Domantas Sabonis,C,23,IND,26,26,34.3,7.2,13.8,0.517,0.2,1.1,0.214,6.9,12.8,0.542,0.525,3.5,4.5,0.771,3.4,10,13.3,3.8,0.8,0.5,2.7,3.8,18
391,JaKarr Sampson,SF,26,IND,9,7,18.4,2.6,4.6,0.561,0.2,1.1,0.2,2.3,3.4,0.677,0.585,0.2,0.8,0.286,0.8,1.9,2.7,0.4,0.6,0.7,0.7,2.6,5.6
392,Dario ?ari?,PF,25,PHO,27,27,28.4,4.2,9.6,0.438,1.6,4.8,0.331,2.6,4.7,0.547,0.521,1.5,1.7,0.872,1.7,5.8,7.5,2.1,0.8,0.4,1.4,2.8,11.5
393,Tom ? Satoransk?,PG,28,CHI,29,29,27.4,3.3,7.7,0.432,1.1,2.9,0.365,2.2,4.7,0.474,0.502,1.6,1.8,0.865,0.8,2.5,3.3,5.3,1.5,0.2,2,1.9,9.2
394,Admiral Schofield,SF,22,WAS,12,0,9.8,1.3,2.3,0.571,0.7,1.5,0.444,0.7,0.8,0.8,0.714,0.4,0.5,0.833,0.3,1,1.3,0.4,0.1,0,0.3,1.3,3.8
395,Dennis Schr”der,PG,26,OKC,26,0,29.6,6.6,14.2,0.465,1.7,4.9,0.346,4.9,9.3,0.527,0.524,2.1,2.5,0.818,0.3,3.4,3.7,3.5,0.7,0.4,2.8,2.3,17
396,Mike Scott,PF,31,PHI,28,4,19.2,2.4,5.4,0.447,1.3,3.5,0.374,1.1,1.8,0.588,0.57,0.4,0.5,0.8,0.8,2.7,3.4,0.6,0.3,0.1,0.4,1.4,6.5
397,Thabo Sefolosha,PF,35,HOU,22,0,10.1,0.7,2.2,0.333,0.4,1.3,0.276,0.4,0.9,0.421,0.417,0,0,0,0.5,1.6,2.2,0.7,0.4,0.2,0.3,1,1.8
398,Collin Sexton,SG,21,CLE,27,27,30.4,6.8,15.3,0.446,1,3.3,0.292,5.9,12,0.488,0.477,3.1,3.7,0.822,1,2,3,2.4,0.9,0,1.9,2,17.7
399,Landry Shamet,SG,22,LAC,12,11,28.4,2.9,7.3,0.398,2,5.5,0.364,0.9,1.8,0.5,0.534,1,1.1,0.923,0.1,1.7,1.8,1.8,0.3,0.1,1.1,3,8.8
400,Iman Shumpert,SG,29,BRK,13,0,18.5,1.6,4.9,0.328,0.6,2.5,0.242,1,2.4,0.419,0.391,0.3,0.5,0.571,0.7,1.9,2.6,0.9,0.9,0.2,0.8,1.6,4.2
401,Pascal Siakam,PF,25,TOR,26,26,36.7,9.3,20.4,0.458,2.3,6.2,0.381,7,14.3,0.491,0.515,4,4.9,0.813,1.5,6.7,8.2,3.6,1,0.8,2.7,2.8,25
402,Chris Silva,PF,23,MIA,24,0,9.4,1.3,2,0.667,0,0.1,0,1.3,1.9,0.696,0.667,1.1,1.5,0.722,1.7,1.9,3.6,0.5,0.2,0.6,1.1,2.5,3.8
403,Ben Simmons,PG,23,PHI,26,26,34.3,5.8,10.2,0.571,0.1,0.2,0.4,5.8,10,0.575,0.575,2.5,4.3,0.595,1.5,5.3,6.8,8.2,2.1,0.7,3.7,3.3,14.3
404,Anfernee Simons,SG,20,POR,27,1,21.6,3.7,8.7,0.419,1.4,4.1,0.339,2.3,4.6,0.492,0.5,1.2,1.6,0.744,0.3,1.6,1.9,1.6,0.4,0.1,1,2.1,9.9
405,Marcus Smart,SG,25,BOS,20,15,31.8,4.1,10.6,0.387,2.1,6.3,0.333,2,4.3,0.465,0.486,1.5,1.7,0.879,1,2.4,3.4,4.6,1.3,0.5,1.3,2.3,11.8
406,Dennis Smith,PG,22,NYK,18,1,17,2.1,6.2,0.33,0.6,1.9,0.314,1.4,4.3,0.338,0.379,0.8,1.6,0.517,0.7,1.4,2.1,2.8,0.4,0.3,1.6,2.1,5.6
407,Ish Smith,PG,31,WAS,25,10,25.2,4,8.8,0.455,0.9,2.5,0.355,3.1,6.3,0.494,0.505,0.6,0.9,0.682,0.5,2.4,2.9,4.4,0.8,0.4,1.4,1.7,9.5
408,Tony Snell,SF,28,DET,23,21,25.9,2.9,6.2,0.472,2,4.5,0.452,0.9,1.7,0.526,0.637,0.4,0.4,1,0.2,1.6,1.8,1.4,0.4,0.1,0.4,1.7,8.3
409,Omari Spellman,PF,22,GSW,27,0,18.2,2.6,6,0.436,0.7,2,0.352,1.9,4,0.477,0.494,1.4,1.7,0.826,2.1,3.2,5.3,1,0.6,0.6,1.3,1,7.4
410,Max Strus,SG,23,CHI,2,0,3,1,1.5,0.667,0,0.5,0,1,1,1,0.667,0.5,0.5,1,0.5,0,0.5,0,0,0,0,0.5,2.5
411,Edmond Sumner,PG,24,IND,5,2,15,2,4.4,0.455,0.2,1,0.2,1.8,3.4,0.529,0.477,0.6,1,0.6,0.2,0.6,0.8,1.8,1,0.2,0.4,1.8,4.8
412,Caleb Swanigan,PF,22,SAC,5,0,2.6,0.2,0.4,0.5,0,0,,0.2,0.4,0.5,0.5,0.2,0.4,0.5,0.2,0.8,1,0,0.2,0.4,0.8,0.6,0.6
413,Jayson Tatum,PF,21,BOS,24,24,34.2,7.4,18.2,0.406,2.5,6.9,0.364,4.9,11.3,0.432,0.475,3.4,4,0.835,1.2,5.8,7,2.9,1.4,0.8,2.2,2.3,20.6
414,Jeff Teague,PG,31,MIN,21,12,29.7,4.6,9.8,0.466,1,2.6,0.382,3.6,7.2,0.497,0.517,4.3,4.9,0.874,0.6,2.2,2.8,6.8,0.9,0.3,2.1,2.1,14.4
415,Garrett Temple,SG,33,BRK,27,18,28.6,3.7,9.3,0.4,2.1,6.3,0.341,1.6,3,0.525,0.516,0.9,1.2,0.758,0.5,2.6,3.1,2.5,0.9,0.5,1.1,1.9,10.5
416,Daniel Theis,C,27,BOS,21,20,21.9,3,5.6,0.534,0.3,1,0.333,2.7,4.6,0.577,0.564,1,1.5,0.688,1.6,4.7,6.3,1.3,0.4,1.5,0.8,3.1,7.4
417,Isaiah Thomas,PG,30,WAS,18,15,24.9,5.1,10.9,0.462,2.2,5,0.433,2.9,5.9,0.486,0.561,0.9,1.1,0.8,0.2,1.6,1.8,5.1,0.4,0.3,2.2,2.3,13.2
418,Khyri Thomas,SG,23,DET,2,0,3,0,0,,0,0,,0,0,,,0.5,1,0.5,0,0,0,0,0,0,0,0,0.5
419,Matt Thomas,SG,25,TOR,12,0,11.3,1.7,3.1,0.541,1.2,2.2,0.538,0.5,0.9,0.545,0.73,0.3,0.4,0.6,0.1,1,1.1,0.3,0.3,0,0.3,1,4.8
420,Tristan Thompson,C,28,CLE,26,26,31,5.8,11.1,0.521,0.1,0.3,0.429,5.7,10.8,0.523,0.526,1.7,3.1,0.538,4,5.7,9.7,2.3,0.8,1.1,1.7,2.4,13.3
421,Matisse Thybulle,SG,22,PHI,27,3,18,1.6,3.7,0.436,1,2.2,0.467,0.6,1.5,0.39,0.574,0.6,0.8,0.682,0.3,0.9,1.2,1.3,1.4,0.7,1,2.1,4.9
422,Anthony Tolliver,PF,34,POR,19,7,15.9,1,3.3,0.302,0.8,2.6,0.3,0.2,0.7,0.308,0.421,0.5,0.7,0.769,0.6,2.4,3,0.7,0.3,0.3,0.7,1.3,3.3
423,Karl-Anthony Towns,C,24,MIN,23,23,33.9,9,17.5,0.514,3.6,8.5,0.418,5.4,9,0.604,0.615,4.9,6.2,0.796,2.7,9,11.7,4.4,1,1.3,3.1,3.5,26.5
424,Gary Trent,SG,21,POR,14,1,8.6,1.1,3,0.357,0.8,1.9,0.407,0.3,1.1,0.267,0.488,0,0,,0.2,1,1.2,0.4,0.2,0.1,0.2,0.7,2.9
425,Allonzo Trier,PG,24,NYK,12,1,13.1,2.3,4.6,0.509,1.2,2.7,0.438,1.2,1.9,0.609,0.636,2.2,2.8,0.788,0.1,1.3,1.4,1.3,0.2,0.3,1.4,1.8,8
426,P.J. Tucker,PF,34,HOU,27,27,36,3.4,7,0.487,2,4.7,0.421,1.4,2.3,0.619,0.627,0.7,1,0.769,1.5,5.7,7.2,1.4,1.4,0.4,1.1,3.4,9.5
427,Evan Turner,PG,31,ATL,15,0,13.9,1.5,3.9,0.39,0,0.3,0,1.5,3.6,0.426,0.39,0.8,0.9,0.857,0.5,1.7,2.1,2.2,0.5,0.5,1.5,1.1,3.9
428,Myles Turner,C,23,IND,20,20,30,4.2,9.7,0.43,1.5,4.3,0.337,2.7,5.4,0.505,0.505,1.6,2.2,0.705,1.4,4.4,5.8,1.2,0.7,2.4,1.6,2.6,11.3
429,Jonas Valan?i?nas,C,27,MEM,25,25,24.8,5.7,10,0.57,0.6,1.4,0.4,5.1,8.6,0.598,0.598,1.7,2.3,0.724,2.6,7.2,9.7,1.8,0.3,0.9,2.2,2.8,13.6
430,Denzel Valentine,SF,26,CHI,15,0,13.5,2.8,6.3,0.447,1.7,3.9,0.431,1.1,2.4,0.472,0.58,0.3,0.3,1,0.2,2.1,2.3,1.3,0.7,0.3,0.5,1.6,7.6
431,Jarred Vanderbilt,SF,20,DEN,3,0,3,0,0,,0,0,,0,0,,,0,0,,0,0.7,0.7,0.3,0,0,0.3,0,0
432,Fred VanVleet,PG,25,TOR,22,22,36.6,5.7,14,0.409,2.6,6.7,0.395,3.1,7.3,0.422,0.503,3.9,4.4,0.876,0.2,3.6,3.8,7,2,0.1,2.4,2.3,18
433,Noah Vonleh,C,24,MIN,16,1,11.3,1.3,2.7,0.465,0.1,0.6,0.1,1.2,2.1,0.576,0.477,1,1.2,0.842,1.1,2.3,3.4,1,0.3,0.2,0.8,1.3,3.6
434,Nikola Vu?evi?,C,29,ORL,16,16,30.9,6.7,15.1,0.444,1.3,3.9,0.317,5.4,11.1,0.489,0.485,2.3,2.7,0.86,2.7,8.7,11.4,3.4,0.6,0.9,1.4,1.9,16.9
435,Dean Wade,PF,23,CLE,3,0,6,0.3,0.7,0.5,0.3,0.3,1,0,0.3,0,0.75,0,0,,0,0.7,0.7,0,0.3,0,0,1,1
436,Moritz Wagner,C,22,WAS,21,4,20.4,4.4,7.6,0.581,1,2.7,0.393,3.4,5,0.683,0.65,1.7,2,0.837,1.6,4.4,6,1.3,0.7,0.6,2,3.9,11.6
437,Kemba Walker,PG,29,BOS,23,23,32.3,7.6,17.7,0.429,3.8,9.3,0.407,3.8,8.3,0.453,0.536,4.2,4.7,0.889,0.9,3.3,4.2,5.3,1,0.6,2.1,1.7,23.1
438,Lonnie Walker,SG,21,SAS,19,0,9.6,1.9,4,0.474,0.4,0.9,0.389,1.5,3.1,0.5,0.52,0.6,1.1,0.6,0.3,1.2,1.5,0.5,0.3,0.2,0.5,1,4.8
439,Tyrone Wallace,SG,25,ATL,14,0,11.4,1,3.1,0.318,0.1,1.1,0.067,0.9,2.1,0.448,0.33,0.8,1.2,0.647,0.2,1.4,1.6,0.9,0.5,0.1,0.7,1.4,2.9
440,Taurean Waller-Prince,SF,25,BRK,27,27,30.6,4.6,11.8,0.386,2.6,6.6,0.385,2,5.2,0.386,0.494,0.9,1.2,0.727,0.9,5.6,6.4,2.3,0.9,0.4,2.1,2.8,12.6
441,Derrick Walton,PG,24,LAC,13,0,10.1,0.7,1.4,0.5,0.4,0.9,0.417,0.3,0.5,0.667,0.639,0.5,0.5,0.857,0.2,0.5,0.6,1,0.3,0,0.2,0.8,2.2
442,Brad Wanamaker,PG,30,BOS,24,0,17.9,2.4,5,0.471,0.5,1.3,0.4,1.9,3.8,0.495,0.521,2,2.3,0.873,0.5,1.6,2,2.8,0.7,0.3,1.2,1.7,7.3
443,T.J. Warren,SF,26,IND,28,28,32.6,7,14.1,0.499,1.2,3.2,0.371,5.9,10.9,0.536,0.541,2.3,2.8,0.823,0.8,2.8,3.5,1.1,1.1,0.4,1.4,2.7,17.6
444,PJ Washington,PF,21,CHO,28,28,29.4,4.5,9.4,0.481,1.4,3.4,0.406,3.1,6,0.524,0.555,1.8,2.5,0.704,0.9,4.3,5.3,1.8,1,0.9,1.4,2.8,12.3
445,Yuta Watanabe,SG,25,MEM,4,0,4.5,0.8,1.5,0.5,0.3,0.5,0.5,0.5,1,0.5,0.583,0,0,,0.3,1,1.3,0,0,0.3,0.3,0.3,1.8
446,Tremont Waters,PG,22,BOS,1,0,20,2,7,0.286,1,5,0.2,1,2,0.5,0.357,2,2,1,0,2,2,3,1,2,2,2,7
447,Russell Westbrook,PG,31,HOU,24,24,34.8,8.5,20,0.426,1.2,5.1,0.228,7.3,14.8,0.494,0.455,4.7,6.1,0.767,1.6,6.5,8.1,7.2,1.6,0.4,4.4,3.8,22.8
448,Coby White,SG,19,CHI,29,0,24.5,4,11.4,0.352,1.8,5.6,0.323,2.2,5.9,0.38,0.431,1.3,1.7,0.792,0.3,3.2,3.5,2.5,0.8,0.1,1.4,1.4,11.2
449,Derrick White,SG,25,SAS,24,10,24.1,3.5,7.5,0.464,0.9,2.3,0.4,2.5,5.2,0.492,0.525,2.1,2.6,0.794,0.5,2,2.5,2.9,0.5,0.6,1.2,2.4,9.9
450,Hassan Whiteside,C,30,POR,24,24,28.5,6.6,10.7,0.621,0,0,1,6.6,10.6,0.62,0.623,2.6,3.4,0.768,3.6,8.9,12.5,1.3,0.5,2.5,2,3,15.9
451,Andrew Wiggins,SF,24,MIN,21,21,35,9.4,20.3,0.461,2.2,6.6,0.333,7.2,13.8,0.522,0.515,4,5.4,0.746,1.2,3.9,5.1,3.3,0.7,1.1,2,2.4,25
452,Grant Williams,PF,21,BOS,22,1,14,0.7,2.7,0.25,0,1.2,0.038,0.6,1.5,0.412,0.258,0.6,0.8,0.824,0.7,1.5,2.2,0.8,0.4,0.5,0.8,2,2
453,Kenrich Williams,PF,25,NOP,26,16,25.2,1.8,4.9,0.37,0.9,3.3,0.279,0.9,1.6,0.561,0.465,0.3,0.9,0.375,1.6,4.3,5.8,1.8,0.8,0.8,0.7,2.6,4.9
454,Lou Williams,SG,33,LAC,27,3,30.7,6.6,15.8,0.415,1.9,5,0.368,4.7,10.7,0.438,0.474,5,5.9,0.838,0.4,2.7,3.2,6.3,0.5,0.1,3.2,1.5,19.9
455,Marvin Williams,PF,33,CHO,25,0,20.5,2.7,5.4,0.504,1.3,3.2,0.413,1.4,2.2,0.636,0.626,1.2,1.3,0.909,0.4,2.4,2.8,0.9,0.7,0.5,0.7,1.7,8
456,Robert Williams,C,22,BOS,19,1,14.2,1.7,2.6,0.673,0,0,,1.7,2.6,0.673,0.673,0.4,0.7,0.571,1.2,3.4,4.6,1.1,0.9,1.1,0.8,1.8,3.9
457,Nigel Williams-Goss,PG,25,UTA,7,0,3.1,0,0.7,0,0,0.1,0,0,0.6,0,0,0.3,0.3,1,0.1,0.1,0.3,0.3,0,0.1,0.1,0.1,0.3
458,D.J. Wilson,PF,23,MIL,14,0,11.8,2,4,0.5,0.8,2.5,0.314,1.2,1.5,0.81,0.598,0.1,0.1,1,0.4,1.9,2.2,0.8,0,0.1,0.5,1,4.9
459,Justise Winslow,SF,23,MIA,10,5,33.7,5,12.7,0.394,0.6,2.6,0.231,4.4,10.1,0.436,0.417,1.8,2.7,0.667,1.6,5.5,7.1,4.3,0.6,0.4,2.3,3.6,12.4
460,Christian Wood,PF,24,DET,25,0,15.8,3.4,5.6,0.619,0.6,1.4,0.429,2.8,4.2,0.683,0.673,1.7,2.8,0.614,1.3,3.7,5,0.6,0.3,0.8,1,1,9.2
461,Delon Wright,SG,27,DAL,24,2,20.5,2.8,5.7,0.493,0.6,1.6,0.368,2.2,4.1,0.541,0.544,1.3,1.5,0.833,0.8,2.6,3.3,3.3,1.3,0.3,0.7,1.2,7.4
462,Thaddeus Young,PF,31,CHI,28,0,21.8,3.7,8.9,0.414,1.1,3.2,0.333,2.6,5.7,0.459,0.474,0.6,1.1,0.563,1.5,2.8,4.3,1.8,1,0.3,1.6,1.8,9.1
463,Trae Young,PG,21,ATL,27,27,35.1,9.4,20.9,0.449,3.4,9.1,0.377,5.9,11.7,0.505,0.531,6.1,7.1,0.855,0.5,3.7,4.2,8.5,1.2,0.1,4.8,1.5,28.3
464,Cody Zeller,C,27,CHO,27,19,23.9,4.6,8.6,0.536,0.6,1.8,0.313,4.1,6.9,0.595,0.569,2,3,0.675,3,5,8,1.3,0.5,0.5,1.5,2.5,11.8
465,Ante ?i?i?,C,23,CLE,9,0,10.1,1.8,3.2,0.552,0,0,,1.8,3.2,0.552,0.552,0.6,0.7,0.833,0.8,1.8,2.6,0,0.2,0.2,0.1,1.1,4.1
466,Ivica Zubac,C,22,LAC,29,27,16.8,3.2,5.4,0.586,0,0.1,0,3.2,5.3,0.594,0.586,1.9,2.4,0.775,2.3,4.2,6.5,0.8,0.2,1,0.9,2.4,8.2
